timestamp,symbol,start_date,end_date,strategy_profile,linucb_confidence,neural_confidence,ucbv_confidence,avg_confidence,max_confidence,confidence_variance,news_sentiment,news_confidence,market_impact,cache_hit,processing_time_ms,executed
2025-09-11T00:05:53.543179+00:00,MSFT,2023-01-03,2023-01-10,mean_reversion,0.0,0.0,0.0,0.0,0.0,0.0,0.0,0.0,0.0,True,103.26051712036133,False
2025-09-11T00:05:53.648132+00:00,AAPL,2023-01-03,2023-01-10,mean_reversion,0.9,0.792,0.6540045805518799,0.7820015268506267,0.9,0.1006757623805359,0.0,0.0,0.0,True,104.81667518615723,False
2025-09-11T00:05:53.750591+00:00,GOOGL,2023-01-03,2023-01-10,mean_reversion,0.0,0.0,0.0,0.0,0.0,0.0,0.0,0.0,0.0,True,102.32281684875488,False
2025-09-11T00:06:26.581884+00:00,AAPL,2023-01-03,2023-01-10,mean_reversion,0.9,0.792,0.6540045805518799,0.7820015268506267,0.9,0.1006757623805359,0.0,0.0,0.0,True,104.69532012939453,False
2025-09-11T00:06:26.683787+00:00,MSFT,2023-01-03,2023-01-10,mean_reversion,0.0,0.0,0.0,0.0,0.0,0.0,0.0,0.0,0.0,True,101.74703598022461,False
2025-09-11T00:06:53.893659+00:00,SYMBOL_000,2023-01-03,2023-01-10,mean_reversion,0.9,0.792,0.6540045805518799,0.7820015268506267,0.9,0.1006757623805359,0.0,0.0,0.0,True,105.32903671264648,False
2025-09-11T00:06:53.997454+00:00,SYMBOL_001,2023-01-03,2023-01-10,mean_reversion,0.9,0.792,0.6532185565545725,0.7817395188515243,0.9,0.10100900392968558,0.0,0.0,0.0,True,103.61742973327637,False
2025-09-11T00:06:54.102205+00:00,SYMBOL_002,2023-01-03,2023-01-10,mean_reversion,0.9,0.792,0.6524314276945409,0.7814771425648471,0.9,0.10134297342783154,0.0,0.0,0.0,True,104.61974143981934,False
2025-09-11T00:06:54.206363+00:00,SYMBOL_003,2023-01-03,2023-01-10,mean_reversion,0.9,0.792,0.651643223302215,0.781214407767405,0.9,0.10167765694515264,0.0,0.0,0.0,True,104.00819778442383,False
2025-09-11T00:06:54.310586+00:00,SYMBOL_004,2023-01-03,2023-01-10,mean_reversion,0.9,0.792,0.6508539728746932,0.7809513242915646,0.9,0.10201304045484795,0.0,0.0,0.0,True,104.07710075378418,False
2025-09-11T00:06:54.415083+00:00,SYMBOL_005,2023-01-03,2023-01-10,mean_reversion,0.9,0.792,0.6500637060715018,0.7806879020238341,0.9,0.10234910983538956,0.0,0.0,0.0,True,104.35867309570312,False
2025-09-11T00:06:54.519394+00:00,SYMBOL_006,2023-01-03,2023-01-10,mean_reversion,0.9,0.792,0.6492724527103031,0.7804241509034343,0.9,0.10268585087280087,0.0,0.0,0.0,True,104.0353775024414,False
2025-09-11T00:06:54.623712+00:00,SYMBOL_007,2023-01-03,2023-01-10,mean_reversion,0.9,0.792,0.6484802427625513,0.7801600809208505,0.9,0.10302324926295969,0.0,0.0,0.0,True,104.18272018432617,False
2025-09-11T00:06:54.727780+00:00,SYMBOL_008,2023-01-03,2023-01-10,mean_reversion,0.9,0.792,0.6476871063490973,0.7798957021163658,0.9,0.10336129061392615,0.0,0.0,0.0,True,103.90114784240723,False
2025-09-11T00:06:54.832333+00:00,SYMBOL_009,2023-01-03,2023-01-10,mean_reversion,0.9,0.792,0.6468930737357456,0.7796310245785819,0.9,0.1036999604482934,0.0,0.0,0.0,True,104.42233085632324,False
2025-09-11T00:06:54.935943+00:00,SYMBOL_010,2023-01-03,2023-01-10,mean_reversion,0.9,0.792,0.6460981753287623,0.7793660584429208,0.9,0.10403924420556168,0.0,0.0,0.0,True,103.46078872680664,False
2025-09-11T00:06:55.039768+00:00,SYMBOL_011,2023-01-03,2023-01-10,mean_reversion,0.9,0.792,0.6453024416703381,0.7791008138901128,0.9,0.10437912724453427,0.0,0.0,0.0,True,103.68824005126953,False
2025-09-11T00:06:55.143648+00:00,SYMBOL_012,2023-01-03,2023-01-10,mean_reversion,0.9,0.792,0.6445059034340047,0.7788353011446683,0.9,0.10471959484573463,0.0,0.0,0.0,True,103.66439819335938,False
2025-09-11T00:06:55.246992+00:00,SYMBOL_013,2023-01-03,2023-01-10,mean_reversion,0.9,0.792,0.6437085914200088,0.7785695304733363,0.9,0.10506063221384428,0.0,0.0,0.0,True,103.2259464263916,False
2025-09-11T00:06:55.351880+00:00,SYMBOL_014,2023-01-03,2023-01-10,mean_reversion,0.9,0.792,0.6429105365506439,0.7783035121835481,0.9,0.10540222448016018,0.0,0.0,0.0,True,104.72607612609863,False
2025-09-11T00:06:55.456237+00:00,SYMBOL_015,2023-01-03,2023-01-10,mean_reversion,0.9,0.792,0.6421117698655407,0.7780372566218471,0.9,0.10574435670507142,0.0,0.0,0.0,True,104.22396659851074,False
2025-09-11T00:06:55.560143+00:00,SYMBOL_016,2023-01-03,2023-01-10,mean_reversion,0.9,0.792,0.6413123225169195,0.7777707741723066,0.9,0.10608701388055372,0.0,0.0,0.0,True,103.7912368774414,False
2025-09-11T00:06:55.664780+00:00,SYMBOL_017,2023-01-03,2023-01-10,mean_reversion,0.9,0.792,0.6405122257648038,0.7775040752549347,0.9,0.10643018093268153,0.0,0.0,0.0,True,104.50196266174316,False
2025-09-11T00:06:55.769735+00:00,SYMBOL_018,2023-01-03,2023-01-10,mean_reversion,0.9,0.792,0.6397115109721985,0.7772371703240663,0.9,0.10677384272415683,0.0,0.0,0.0,True,104.75611686706543,False
2025-09-11T00:06:55.873736+00:00,SYMBOL_019,2023-01-03,2023-01-10,mean_reversion,0.9,0.792,0.6389102096002331,0.7769700698667444,0.9,0.10711798405685342,0.0,0.0,0.0,True,103.86514663696289,False
2025-09-11T00:07:08.456049+00:00,AAPL,2023-01-03,2023-01-10,mean_reversion,0.9,0.642,0.6540045805518799,0.7320015268506266,0.9,0.11889390991957827,0.0,0.0,0.0,True,107.20562934875488,False
2025-09-11T00:08:15.867574+00:00,MSFT,2023-01-03,2023-01-10,mean_reversion,0.0,0.0,0.0,0.0,0.0,0.0,0.010670582130177516,0.5438433333333333,0.07692307692307693,True,103.83963584899902,False
2025-09-11T00:08:15.972540+00:00,AAPL,2023-01-03,2023-01-10,mean_reversion,0.9,0.792,0.6540045805518799,0.7820015268506267,0.9,0.1006757623805359,0.00715278666666667,0.4179355555555556,0.06666666666666667,True,104.80690002441406,False
2025-09-11T00:08:16.076274+00:00,GOOGL,2023-01-03,2023-01-10,mean_reversion,0.0,0.0,0.0,0.0,0.0,0.0,0.007106511570247934,0.5297130303030303,0.10909090909090909,True,103.57165336608887,False
2025-09-11T23:19:12.414302+00:00,MSFT,2023-01-03,2023-01-10,mean_reversion,0.0,0.0,0.0,0.0,0.0,0.0,0.0,0.0,0.0,True,102.86927223205566,False
2025-09-11T23:19:12.517461+00:00,AAPL,2023-01-03,2023-01-10,mean_reversion,0.0,0.0,0.0,0.0,0.0,0.0,0.0,0.0,0.0,True,102.96368598937988,False
2025-09-11T23:19:12.619543+00:00,GOOGL,2023-01-03,2023-01-10,mean_reversion,0.0,0.0,0.0,0.0,0.0,0.0,0.0,0.0,0.0,True,101.9282341003418,False
2025-09-11T23:21:46.072131+00:00,MSFT,2023-01-03,2023-01-10,mean_reversion,0.0,0.0,0.0,0.0,0.0,0.0,0.0,0.0,0.0,True,103.35779190063477,False
2025-09-11T23:21:46.175800+00:00,AAPL,2023-01-03,2023-01-10,mean_reversion,0.0,0.0,0.0,0.0,0.0,0.0,0.0,0.0,0.0,True,103.46174240112305,False
2025-09-11T23:21:46.278995+00:00,GOOGL,2023-01-03,2023-01-10,mean_reversion,0.0,0.0,0.0,0.0,0.0,0.0,0.0,0.0,0.0,True,102.97632217407227,False
2025-09-11T23:22:19.086447+00:00,AAPL,2023-01-03,2023-01-10,mean_reversion,0.0,0.0,0.0,0.0,0.0,0.0,0.0,0.0,0.0,True,103.61266136169434,False
2025-09-11T23:22:19.189831+00:00,MSFT,2023-01-03,2023-01-10,mean_reversion,0.0,0.0,0.0,0.0,0.0,0.0,0.0,0.0,0.0,True,103.08218002319336,False
2025-09-12T21:51:23.663142+00:00,MSFT,2023-01-03,2023-01-10,mean_reversion,0.0,0.0,0.0,0.0,0.0,0.0,0.0,0.0,0.0,False,103.51443290710449,False
2025-09-12T21:51:23.767160+00:00,GOOGL,2023-01-03,2023-01-10,mean_reversion,0.0,0.0,0.0,0.0,0.0,0.0,0.0,0.0,0.0,False,103.13844680786133,False
2025-09-12T21:51:23.869918+00:00,AAPL,2023-01-03,2023-01-10,mean_reversion,0.0,0.0,0.0,0.0,0.0,0.0,0.0,0.0,0.0,False,102.34189033508301,False
2025-09-12T21:51:57.143997+00:00,SYMBOL_000,2023-01-03,2023-01-10,mean_reversion,0.0,0.0,0.0,0.0,0.0,0.0,0.0,0.0,0.0,False,103.0573844909668,False
2025-09-12T21:51:57.246643+00:00,SYMBOL_001,2023-01-03,2023-01-10,mean_reversion,0.0,0.0,0.0,0.0,0.0,0.0,0.0,0.0,0.0,False,102.35381126403809,False
2025-09-12T21:51:57.349614+00:00,SYMBOL_002,2023-01-03,2023-01-10,mean_reversion,0.0,0.0,0.0,0.0,0.0,0.0,0.0,0.0,0.0,False,102.0817756652832,False
2025-09-12T21:51:57.452088+00:00,SYMBOL_003,2023-01-03,2023-01-10,mean_reversion,0.0,0.0,0.0,0.0,0.0,0.0,0.0,0.0,0.0,False,102.1885871887207,False
2025-09-12T21:51:57.554814+00:00,SYMBOL_004,2023-01-03,2023-01-10,mean_reversion,0.0,0.0,0.0,0.0,0.0,0.0,0.0,0.0,0.0,False,102.25844383239746,False
2025-09-12T21:51:57.659021+00:00,SYMBOL_005,2023-01-03,2023-01-10,mean_reversion,0.0,0.0,0.0,0.0,0.0,0.0,0.0,0.0,0.0,False,103.73377799987793,False
2025-09-12T21:51:57.761842+00:00,SYMBOL_006,2023-01-03,2023-01-10,mean_reversion,0.0,0.0,0.0,0.0,0.0,0.0,0.0,0.0,0.0,False,102.35190391540527,False
2025-09-12T21:51:57.865349+00:00,SYMBOL_007,2023-01-03,2023-01-10,mean_reversion,0.0,0.0,0.0,0.0,0.0,0.0,0.0,0.0,0.0,False,103.10959815979004,False
2025-09-12T21:51:57.967074+00:00,SYMBOL_008,2023-01-03,2023-01-10,mean_reversion,0.0,0.0,0.0,0.0,0.0,0.0,0.0,0.0,0.0,False,101.26590728759766,False
2025-09-12T21:51:58.069364+00:00,SYMBOL_009,2023-01-03,2023-01-10,mean_reversion,0.0,0.0,0.0,0.0,0.0,0.0,0.0,0.0,0.0,False,102.09894180297852,False
2025-09-12T21:51:58.172752+00:00,SYMBOL_010,2023-01-03,2023-01-10,mean_reversion,0.0,0.0,0.0,0.0,0.0,0.0,0.0,0.0,0.0,False,102.93269157409668,False
2025-09-12T21:51:58.275340+00:00,SYMBOL_011,2023-01-03,2023-01-10,mean_reversion,0.0,0.0,0.0,0.0,0.0,0.0,0.0,0.0,0.0,False,102.15044021606445,False
2025-09-12T21:51:58.378169+00:00,SYMBOL_012,2023-01-03,2023-01-10,mean_reversion,0.0,0.0,0.0,0.0,0.0,0.0,0.0,0.0,0.0,False,102.3566722869873,False
2025-09-12T21:51:58.481145+00:00,SYMBOL_013,2023-01-03,2023-01-10,mean_reversion,0.0,0.0,0.0,0.0,0.0,0.0,0.0,0.0,0.0,False,102.61011123657227,False
2025-09-12T21:51:58.582996+00:00,SYMBOL_014,2023-01-03,2023-01-10,mean_reversion,0.0,0.0,0.0,0.0,0.0,0.0,0.0,0.0,0.0,False,101.60708427429199,False
2025-09-12T21:51:58.685234+00:00,SYMBOL_015,2023-01-03,2023-01-10,mean_reversion,0.0,0.0,0.0,0.0,0.0,0.0,0.0,0.0,0.0,False,101.79996490478516,False
2025-09-12T21:51:58.787561+00:00,SYMBOL_016,2023-01-03,2023-01-10,mean_reversion,0.0,0.0,0.0,0.0,0.0,0.0,0.0,0.0,0.0,False,101.98426246643066,False
2025-09-12T21:51:58.891487+00:00,SYMBOL_017,2023-01-03,2023-01-10,mean_reversion,0.0,0.0,0.0,0.0,0.0,0.0,0.0,0.0,0.0,False,103.59549522399902,False
2025-09-12T21:51:58.993533+00:00,SYMBOL_018,2023-01-03,2023-01-10,mean_reversion,0.0,0.0,0.0,0.0,0.0,0.0,0.0,0.0,0.0,False,101.77397727966309,False
2025-09-12T21:51:59.097024+00:00,SYMBOL_019,2023-01-03,2023-01-10,mean_reversion,0.0,0.0,0.0,0.0,0.0,0.0,0.0,0.0,0.0,False,103.1646728515625,False
2025-09-12T21:52:18.312144+00:00,AAPL,2023-01-03,2023-01-10,mean_reversion,0.0,0.0,0.0,0.0,0.0,0.0,0.0,0.0,0.0,False,103.82080078125,False
2025-09-12T22:01:31.694668+00:00,MSFT,2023-01-03,2023-01-10,mean_reversion,0.0,0.0,0.0,0.0,0.0,0.0,0.0,0.0,0.0,False,105.38387298583984,False
2025-09-12T22:01:31.797778+00:00,GOOGL,2023-01-03,2023-01-10,mean_reversion,0.0,0.0,0.0,0.0,0.0,0.0,0.0,0.0,0.0,False,102.8738021850586,False
2025-09-12T22:01:31.901189+00:00,AAPL,2023-01-03,2023-01-10,mean_reversion,0.0,0.0,0.0,0.0,0.0,0.0,0.0,0.0,0.0,False,103.18970680236816,False
2025-09-12T22:02:05.556541+00:00,AAPL,2023-01-03,2023-01-10,mean_reversion,0.0,0.0,0.0,0.0,0.0,0.0,0.0,0.0,0.0,False,103.49273681640625,False
2025-09-12T22:02:05.659651+00:00,MSFT,2023-01-03,2023-01-10,mean_reversion,0.0,0.0,0.0,0.0,0.0,0.0,0.0,0.0,0.0,False,102.74243354797363,False
2025-09-12T22:02:39.023184+00:00,SYMBOL_000,2023-01-03,2023-01-10,mean_reversion,0.0,0.0,0.0,0.0,0.0,0.0,0.0,0.0,0.0,False,102.19788551330566,False
2025-09-12T22:02:39.125970+00:00,SYMBOL_001,2023-01-03,2023-01-10,mean_reversion,0.0,0.0,0.0,0.0,0.0,0.0,0.0,0.0,0.0,False,102.64348983764648,False
2025-09-12T22:02:39.228718+00:00,SYMBOL_002,2023-01-03,2023-01-10,mean_reversion,0.0,0.0,0.0,0.0,0.0,0.0,0.0,0.0,0.0,False,102.5853157043457,False
2025-09-12T22:02:39.332165+00:00,SYMBOL_003,2023-01-03,2023-01-10,mean_reversion,0.0,0.0,0.0,0.0,0.0,0.0,0.0,0.0,0.0,False,103.26218605041504,False
2025-09-12T22:02:39.434896+00:00,SYMBOL_004,2023-01-03,2023-01-10,mean_reversion,0.0,0.0,0.0,0.0,0.0,0.0,0.0,0.0,0.0,False,102.5390625,False
2025-09-12T22:02:39.537811+00:00,SYMBOL_005,2023-01-03,2023-01-10,mean_reversion,0.0,0.0,0.0,0.0,0.0,0.0,0.0,0.0,0.0,False,102.74124145507812,False
2025-09-12T22:02:39.641400+00:00,SYMBOL_006,2023-01-03,2023-01-10,mean_reversion,0.0,0.0,0.0,0.0,0.0,0.0,0.0,0.0,0.0,False,103.4092903137207,False
2025-09-12T22:02:39.743778+00:00,SYMBOL_007,2023-01-03,2023-01-10,mean_reversion,0.0,0.0,0.0,0.0,0.0,0.0,0.0,0.0,0.0,False,102.19669342041016,False
2025-09-12T22:02:39.847321+00:00,SYMBOL_008,2023-01-03,2023-01-10,mean_reversion,0.0,0.0,0.0,0.0,0.0,0.0,0.0,0.0,0.0,False,103.35683822631836,False
2025-09-12T22:02:39.951396+00:00,SYMBOL_009,2023-01-03,2023-01-10,mean_reversion,0.0,0.0,0.0,0.0,0.0,0.0,0.0,0.0,0.0,False,103.84941101074219,False
2025-09-12T22:02:40.055103+00:00,SYMBOL_010,2023-01-03,2023-01-10,mean_reversion,0.0,0.0,0.0,0.0,0.0,0.0,0.0,0.0,0.0,False,103.51800918579102,False
2025-09-12T22:02:40.158171+00:00,SYMBOL_011,2023-01-03,2023-01-10,mean_reversion,0.0,0.0,0.0,0.0,0.0,0.0,0.0,0.0,0.0,False,102.87785530090332,False
2025-09-12T22:02:40.260479+00:00,SYMBOL_012,2023-01-03,2023-01-10,mean_reversion,0.0,0.0,0.0,0.0,0.0,0.0,0.0,0.0,0.0,False,102.14519500732422,False
2025-09-12T22:02:40.363286+00:00,SYMBOL_013,2023-01-03,2023-01-10,mean_reversion,0.0,0.0,0.0,0.0,0.0,0.0,0.0,0.0,0.0,False,102.62751579284668,False
2025-09-12T22:02:40.466878+00:00,SYMBOL_014,2023-01-03,2023-01-10,mean_reversion,0.0,0.0,0.0,0.0,0.0,0.0,0.0,0.0,0.0,False,103.20281982421875,False
2025-09-12T22:02:40.569797+00:00,SYMBOL_015,2023-01-03,2023-01-10,mean_reversion,0.0,0.0,0.0,0.0,0.0,0.0,0.0,0.0,0.0,False,102.74934768676758,False
2025-09-12T22:02:40.672742+00:00,SYMBOL_016,2023-01-03,2023-01-10,mean_reversion,0.0,0.0,0.0,0.0,0.0,0.0,0.0,0.0,0.0,False,102.74624824523926,False
2025-09-12T22:02:40.776499+00:00,SYMBOL_017,2023-01-03,2023-01-10,mean_reversion,0.0,0.0,0.0,0.0,0.0,0.0,0.0,0.0,0.0,False,103.55019569396973,False
2025-09-12T22:02:40.879317+00:00,SYMBOL_018,2023-01-03,2023-01-10,mean_reversion,0.0,0.0,0.0,0.0,0.0,0.0,0.0,0.0,0.0,False,102.64825820922852,False
2025-09-12T22:02:40.983119+00:00,SYMBOL_019,2023-01-03,2023-01-10,mean_reversion,0.0,0.0,0.0,0.0,0.0,0.0,0.0,0.0,0.0,False,103.62935066223145,False
2025-09-12T22:03:00.636117+00:00,AAPL,2023-01-03,2023-01-10,mean_reversion,0.0,0.0,0.0,0.0,0.0,0.0,0.0,0.0,0.0,False,103.85751724243164,False
2025-09-12T22:04:08.506419+00:00,MSFT,2023-01-03,2023-01-10,mean_reversion,0.0,0.0,0.0,0.0,0.0,0.0,0.011064389112426036,0.5495866666666667,0.06153846153846154,False,102.36024856567383,False
2025-09-12T22:04:08.610763+00:00,GOOGL,2023-01-03,2023-01-10,mean_reversion,0.0,0.0,0.0,0.0,0.0,0.0,0.010399660413223141,0.5836118181818182,0.12727272727272726,False,102.45823860168457,False
2025-09-12T22:04:08.713520+00:00,AAPL,2023-01-03,2023-01-10,mean_reversion,0.0,0.0,0.0,0.0,0.0,0.0,0.006048810000000002,0.5424333333333333,0.13999999999999999,False,102.58674621582031,False
2025-09-12T22:43:46.164022+00:00,GOOGL,2023-01-03,2023-01-10,mean_reversion,0.0,0.0,0.0,0.0,0.0,0.0,0.0,0.0,0.0,False,103.65080833435059,False
2025-09-12T22:43:46.267526+00:00,MSFT,2023-01-03,2023-01-10,mean_reversion,0.0,0.0,0.0,0.0,0.0,0.0,0.0,0.0,0.0,False,103.3022403717041,False
2025-09-12T22:43:46.370350+00:00,AAPL,2023-01-03,2023-01-10,mean_reversion,0.0,0.0,0.0,0.0,0.0,0.0,0.0,0.0,0.0,False,102.66494750976562,False
2025-09-12T22:44:23.680625+00:00,AAPL,2023-01-03,2023-01-10,mean_reversion,0.0,0.0,0.0,0.0,0.0,0.0,0.0,0.0,0.0,False,101.85456275939941,False
2025-09-12T22:44:23.783153+00:00,MSFT,2023-01-03,2023-01-10,mean_reversion,0.0,0.0,0.0,0.0,0.0,0.0,0.0,0.0,0.0,False,102.2953987121582,False
2025-09-12T22:45:13.901618+00:00,SYMBOL_000,2023-01-03,2023-01-10,mean_reversion,0.0,0.0,0.0,0.0,0.0,0.0,0.0,0.0,0.0,False,103.63435745239258,False
2025-09-12T22:45:14.004346+00:00,SYMBOL_001,2023-01-03,2023-01-10,mean_reversion,0.0,0.0,0.0,0.0,0.0,0.0,0.0,0.0,0.0,False,102.54096984863281,False
2025-09-12T22:45:14.108405+00:00,SYMBOL_002,2023-01-03,2023-01-10,mean_reversion,0.0,0.0,0.0,0.0,0.0,0.0,0.0,0.0,0.0,False,103.93357276916504,False
2025-09-12T22:45:14.211320+00:00,SYMBOL_003,2023-01-03,2023-01-10,mean_reversion,0.0,0.0,0.0,0.0,0.0,0.0,0.0,0.0,0.0,False,102.74791717529297,False
2025-09-12T22:45:14.313987+00:00,SYMBOL_004,2023-01-03,2023-01-10,mean_reversion,0.0,0.0,0.0,0.0,0.0,0.0,0.0,0.0,0.0,False,102.60558128356934,False
2025-09-12T22:45:14.418097+00:00,SYMBOL_005,2023-01-03,2023-01-10,mean_reversion,0.0,0.0,0.0,0.0,0.0,0.0,0.0,0.0,0.0,False,103.94906997680664,False
2025-09-12T22:45:14.521050+00:00,SYMBOL_006,2023-01-03,2023-01-10,mean_reversion,0.0,0.0,0.0,0.0,0.0,0.0,0.0,0.0,0.0,False,102.79536247253418,False
2025-09-12T22:45:14.623714+00:00,SYMBOL_007,2023-01-03,2023-01-10,mean_reversion,0.0,0.0,0.0,0.0,0.0,0.0,0.0,0.0,0.0,False,102.4942398071289,False
2025-09-12T22:45:14.727032+00:00,SYMBOL_008,2023-01-03,2023-01-10,mean_reversion,0.0,0.0,0.0,0.0,0.0,0.0,0.0,0.0,0.0,False,103.18589210510254,False
2025-09-12T22:45:14.829692+00:00,SYMBOL_009,2023-01-03,2023-01-10,mean_reversion,0.0,0.0,0.0,0.0,0.0,0.0,0.0,0.0,0.0,False,102.49805450439453,False
2025-09-12T22:45:14.932271+00:00,SYMBOL_010,2023-01-03,2023-01-10,mean_reversion,0.0,0.0,0.0,0.0,0.0,0.0,0.0,0.0,0.0,False,102.44369506835938,False
2025-09-12T22:45:15.035570+00:00,SYMBOL_011,2023-01-03,2023-01-10,mean_reversion,0.0,0.0,0.0,0.0,0.0,0.0,0.0,0.0,0.0,False,103.1494140625,False
2025-09-12T22:45:15.138377+00:00,SYMBOL_012,2023-01-03,2023-01-10,mean_reversion,0.0,0.0,0.0,0.0,0.0,0.0,0.0,0.0,0.0,False,102.64205932617188,False
2025-09-12T22:45:15.241757+00:00,SYMBOL_013,2023-01-03,2023-01-10,mean_reversion,0.0,0.0,0.0,0.0,0.0,0.0,0.0,0.0,0.0,False,103.21879386901855,False
2025-09-12T22:45:15.344967+00:00,SYMBOL_014,2023-01-03,2023-01-10,mean_reversion,0.0,0.0,0.0,0.0,0.0,0.0,0.0,0.0,0.0,False,103.03497314453125,False
2025-09-12T22:45:15.448418+00:00,SYMBOL_015,2023-01-03,2023-01-10,mean_reversion,0.0,0.0,0.0,0.0,0.0,0.0,0.0,0.0,0.0,False,103.28531265258789,False
2025-09-12T22:45:15.551447+00:00,SYMBOL_016,2023-01-03,2023-01-10,mean_reversion,0.0,0.0,0.0,0.0,0.0,0.0,0.0,0.0,0.0,False,102.85019874572754,False
2025-09-12T22:45:15.654275+00:00,SYMBOL_017,2023-01-03,2023-01-10,mean_reversion,0.0,0.0,0.0,0.0,0.0,0.0,0.0,0.0,0.0,False,102.76675224304199,False
2025-09-12T22:45:15.757518+00:00,SYMBOL_018,2023-01-03,2023-01-10,mean_reversion,0.0,0.0,0.0,0.0,0.0,0.0,0.0,0.0,0.0,False,103.07025909423828,False
2025-09-12T22:45:15.860910+00:00,SYMBOL_019,2023-01-03,2023-01-10,mean_reversion,0.0,0.0,0.0,0.0,0.0,0.0,0.0,0.0,0.0,False,103.21640968322754,False
2025-09-12T22:45:37.984207+00:00,AAPL,2023-01-03,2023-01-10,mean_reversion,0.0,0.0,0.0,0.0,0.0,0.0,0.0,0.0,0.0,False,103.7590503692627,False
2025-09-12T22:46:53.111697+00:00,MSFT,2023-01-03,2023-01-10,mean_reversion,0.0,0.0,0.0,0.0,0.0,0.0,0.011064389112426036,0.5495866666666667,0.06153846153846154,False,105.08441925048828,False
2025-09-12T22:46:53.214786+00:00,GOOGL,2023-01-03,2023-01-10,mean_reversion,0.0,0.0,0.0,0.0,0.0,0.0,0.010399660413223141,0.5836118181818182,0.12727272727272726,False,102.8907299041748,False
2025-09-12T22:46:53.318172+00:00,AAPL,2023-01-03,2023-01-10,mean_reversion,0.0,0.0,0.0,0.0,0.0,0.0,0.006048810000000002,0.5424333333333333,0.13999999999999999,False,103.22070121765137,False
2025-09-12T22:58:00.217332+00:00,MSFT,2023-01-03,2023-01-10,mean_reversion,0.0,0.0,0.0,0.0,0.0,0.0,0.0,0.0,0.0,False,103.24621200561523,False
2025-09-12T22:58:00.319842+00:00,GOOGL,2023-01-03,2023-01-10,mean_reversion,0.0,0.0,0.0,0.0,0.0,0.0,0.0,0.0,0.0,False,102.37264633178711,False
2025-09-12T22:58:00.421229+00:00,AAPL,2023-01-03,2023-01-10,mean_reversion,0.0,0.0,0.0,0.0,0.0,0.0,0.0,0.0,0.0,False,101.30476951599121,False
2025-09-12T22:58:38.147689+00:00,AAPL,2023-01-03,2023-01-10,mean_reversion,0.0,0.0,0.0,0.0,0.0,0.0,0.0,0.0,0.0,False,104.40421104431152,False
2025-09-12T22:58:38.251041+00:00,MSFT,2023-01-03,2023-01-10,mean_reversion,0.0,0.0,0.0,0.0,0.0,0.0,0.0,0.0,0.0,False,103.15322875976562,False
2025-09-12T22:59:29.382325+00:00,SYMBOL_000,2023-01-03,2023-01-10,mean_reversion,0.0,0.0,0.0,0.0,0.0,0.0,0.0,0.0,0.0,False,103.45935821533203,False
2025-09-12T22:59:29.485574+00:00,SYMBOL_001,2023-01-03,2023-01-10,mean_reversion,0.0,0.0,0.0,0.0,0.0,0.0,0.0,0.0,0.0,False,103.05356979370117,False
2025-09-12T22:59:29.589441+00:00,SYMBOL_002,2023-01-03,2023-01-10,mean_reversion,0.0,0.0,0.0,0.0,0.0,0.0,0.0,0.0,0.0,False,103.6689281463623,False
2025-09-12T22:59:29.692128+00:00,SYMBOL_003,2023-01-03,2023-01-10,mean_reversion,0.0,0.0,0.0,0.0,0.0,0.0,0.0,0.0,0.0,False,102.51641273498535,False
2025-09-12T22:59:29.794853+00:00,SYMBOL_004,2023-01-03,2023-01-10,mean_reversion,0.0,0.0,0.0,0.0,0.0,0.0,0.0,0.0,0.0,False,102.56814956665039,False
2025-09-12T22:59:29.895922+00:00,SYMBOL_005,2023-01-03,2023-01-10,mean_reversion,0.0,0.0,0.0,0.0,0.0,0.0,0.0,0.0,0.0,False,100.9666919708252,False
2025-09-12T22:59:29.997272+00:00,SYMBOL_006,2023-01-03,2023-01-10,mean_reversion,0.0,0.0,0.0,0.0,0.0,0.0,0.0,0.0,0.0,False,101.25327110290527,False
2025-09-12T22:59:30.099933+00:00,SYMBOL_007,2023-01-03,2023-01-10,mean_reversion,0.0,0.0,0.0,0.0,0.0,0.0,0.0,0.0,0.0,False,102.54168510437012,False
2025-09-12T22:59:30.202141+00:00,SYMBOL_008,2023-01-03,2023-01-10,mean_reversion,0.0,0.0,0.0,0.0,0.0,0.0,0.0,0.0,0.0,False,102.01644897460938,False
2025-09-12T22:59:30.305635+00:00,SYMBOL_009,2023-01-03,2023-01-10,mean_reversion,0.0,0.0,0.0,0.0,0.0,0.0,0.0,0.0,0.0,False,103.29151153564453,False
2025-09-12T22:59:30.407681+00:00,SYMBOL_010,2023-01-03,2023-01-10,mean_reversion,0.0,0.0,0.0,0.0,0.0,0.0,0.0,0.0,0.0,False,101.95112228393555,False
2025-09-12T22:59:30.509222+00:00,SYMBOL_011,2023-01-03,2023-01-10,mean_reversion,0.0,0.0,0.0,0.0,0.0,0.0,0.0,0.0,0.0,False,101.42803192138672,False
2025-09-12T22:59:30.610713+00:00,SYMBOL_012,2023-01-03,2023-01-10,mean_reversion,0.0,0.0,0.0,0.0,0.0,0.0,0.0,0.0,0.0,False,101.41563415527344,False
2025-09-12T22:59:30.713148+00:00,SYMBOL_013,2023-01-03,2023-01-10,mean_reversion,0.0,0.0,0.0,0.0,0.0,0.0,0.0,0.0,0.0,False,102.31566429138184,False
2025-09-12T22:59:30.815718+00:00,SYMBOL_014,2023-01-03,2023-01-10,mean_reversion,0.0,0.0,0.0,0.0,0.0,0.0,0.0,0.0,0.0,False,102.45966911315918,False
2025-09-12T22:59:30.918535+00:00,SYMBOL_015,2023-01-03,2023-01-10,mean_reversion,0.0,0.0,0.0,0.0,0.0,0.0,0.0,0.0,0.0,False,102.6606559753418,False
2025-09-12T22:59:31.022466+00:00,SYMBOL_016,2023-01-03,2023-01-10,mean_reversion,0.0,0.0,0.0,0.0,0.0,0.0,0.0,0.0,0.0,False,103.57856750488281,False
2025-09-12T22:59:31.125401+00:00,SYMBOL_017,2023-01-03,2023-01-10,mean_reversion,0.0,0.0,0.0,0.0,0.0,0.0,0.0,0.0,0.0,False,102.77271270751953,False
2025-09-12T22:59:31.227646+00:00,SYMBOL_018,2023-01-03,2023-01-10,mean_reversion,0.0,0.0,0.0,0.0,0.0,0.0,0.0,0.0,0.0,False,102.07366943359375,False
2025-09-12T22:59:31.330117+00:00,SYMBOL_019,2023-01-03,2023-01-10,mean_reversion,0.0,0.0,0.0,0.0,0.0,0.0,0.0,0.0,0.0,False,102.31781005859375,False
2025-09-12T22:59:55.319017+00:00,AAPL,2023-01-03,2023-01-10,mean_reversion,0.0,0.0,0.0,0.0,0.0,0.0,0.0,0.0,0.0,False,104.55489158630371,False
2025-09-12T23:01:11.570534+00:00,MSFT,2023-01-03,2023-01-10,mean_reversion,0.0,0.0,0.0,0.0,0.0,0.0,0.011064389112426036,0.5495866666666667,0.06153846153846154,False,102.97012329101562,False
2025-09-12T23:01:11.673998+00:00,GOOGL,2023-01-03,2023-01-10,mean_reversion,0.0,0.0,0.0,0.0,0.0,0.0,0.010399660413223141,0.5836118181818182,0.12727272727272726,False,103.17564010620117,False
2025-09-12T23:01:11.776572+00:00,AAPL,2023-01-03,2023-01-10,mean_reversion,0.0,0.0,0.0,0.0,0.0,0.0,0.004368151500000001,0.5444483333333333,0.13999999999999999,False,102.38862037658691,False
2025-09-12T23:47:32.277937+00:00,GOOGL,2023-01-03,2023-01-10,mean_reversion,0.0,0.0,0.0,0.0,0.0,0.0,0.0,0.0,0.0,False,104.19607162475586,False
2025-09-12T23:47:32.380215+00:00,MSFT,2023-01-03,2023-01-10,mean_reversion,0.0,0.0,0.0,0.0,0.0,0.0,0.0,0.0,0.0,False,102.07295417785645,False
2025-09-12T23:47:32.483433+00:00,AAPL,2023-01-03,2023-01-10,mean_reversion,0.0,0.0,0.0,0.0,0.0,0.0,0.0,0.0,0.0,False,103.07645797729492,False
2025-09-12T23:48:13.821311+00:00,AAPL,2023-01-03,2023-01-10,mean_reversion,0.0,0.0,0.0,0.0,0.0,0.0,0.0,0.0,0.0,False,103.86013984680176,False
2025-09-12T23:48:13.923353+00:00,MSFT,2023-01-03,2023-01-10,mean_reversion,0.0,0.0,0.0,0.0,0.0,0.0,0.0,0.0,0.0,False,101.90057754516602,False
2025-09-12T23:49:07.028314+00:00,SYMBOL_000,2023-01-03,2023-01-10,mean_reversion,0.0,0.0,0.0,0.0,0.0,0.0,0.0,0.0,0.0,False,103.44886779785156,False
2025-09-12T23:49:07.130719+00:00,SYMBOL_001,2023-01-03,2023-01-10,mean_reversion,0.0,0.0,0.0,0.0,0.0,0.0,0.0,0.0,0.0,False,102.25939750671387,False
2025-09-12T23:49:07.232558+00:00,SYMBOL_002,2023-01-03,2023-01-10,mean_reversion,0.0,0.0,0.0,0.0,0.0,0.0,0.0,0.0,0.0,False,101.71008110046387,False
2025-09-12T23:49:07.335716+00:00,SYMBOL_003,2023-01-03,2023-01-10,mean_reversion,0.0,0.0,0.0,0.0,0.0,0.0,0.0,0.0,0.0,False,102.89502143859863,False
2025-09-12T23:49:07.438605+00:00,SYMBOL_004,2023-01-03,2023-01-10,mean_reversion,0.0,0.0,0.0,0.0,0.0,0.0,0.0,0.0,0.0,False,102.38146781921387,False
2025-09-12T23:49:07.540497+00:00,SYMBOL_005,2023-01-03,2023-01-10,mean_reversion,0.0,0.0,0.0,0.0,0.0,0.0,0.0,0.0,0.0,False,101.76253318786621,False
2025-09-12T23:49:07.643527+00:00,SYMBOL_006,2023-01-03,2023-01-10,mean_reversion,0.0,0.0,0.0,0.0,0.0,0.0,0.0,0.0,0.0,False,102.89764404296875,False
2025-09-12T23:49:07.746099+00:00,SYMBOL_007,2023-01-03,2023-01-10,mean_reversion,0.0,0.0,0.0,0.0,0.0,0.0,0.0,0.0,0.0,False,102.43105888366699,False
2025-09-12T23:49:07.847912+00:00,SYMBOL_008,2023-01-03,2023-01-10,mean_reversion,0.0,0.0,0.0,0.0,0.0,0.0,0.0,0.0,0.0,False,101.6547679901123,False
2025-09-12T23:49:07.949869+00:00,SYMBOL_009,2023-01-03,2023-01-10,mean_reversion,0.0,0.0,0.0,0.0,0.0,0.0,0.0,0.0,0.0,False,101.86052322387695,False
2025-09-12T23:49:08.052237+00:00,SYMBOL_010,2023-01-03,2023-01-10,mean_reversion,0.0,0.0,0.0,0.0,0.0,0.0,0.0,0.0,0.0,False,102.17905044555664,False
2025-09-12T23:49:08.154543+00:00,SYMBOL_011,2023-01-03,2023-01-10,mean_reversion,0.0,0.0,0.0,0.0,0.0,0.0,0.0,0.0,0.0,False,102.18286514282227,False
2025-09-12T23:49:08.257413+00:00,SYMBOL_012,2023-01-03,2023-01-10,mean_reversion,0.0,0.0,0.0,0.0,0.0,0.0,0.0,0.0,0.0,False,102.70309448242188,False
2025-09-12T23:49:08.360423+00:00,SYMBOL_013,2023-01-03,2023-01-10,mean_reversion,0.0,0.0,0.0,0.0,0.0,0.0,0.0,0.0,0.0,False,102.7219295501709,False
2025-09-12T23:49:08.462667+00:00,SYMBOL_014,2023-01-03,2023-01-10,mean_reversion,0.0,0.0,0.0,0.0,0.0,0.0,0.0,0.0,0.0,False,102.10490226745605,False
2025-09-12T23:49:08.565920+00:00,SYMBOL_015,2023-01-03,2023-01-10,mean_reversion,0.0,0.0,0.0,0.0,0.0,0.0,0.0,0.0,0.0,False,103.07979583740234,False
2025-09-12T23:49:08.669004+00:00,SYMBOL_016,2023-01-03,2023-01-10,mean_reversion,0.0,0.0,0.0,0.0,0.0,0.0,0.0,0.0,0.0,False,102.80561447143555,False
2025-09-12T23:49:08.771658+00:00,SYMBOL_017,2023-01-03,2023-01-10,mean_reversion,0.0,0.0,0.0,0.0,0.0,0.0,0.0,0.0,0.0,False,102.51998901367188,False
2025-09-12T23:49:08.876545+00:00,SYMBOL_018,2023-01-03,2023-01-10,mean_reversion,0.0,0.0,0.0,0.0,0.0,0.0,0.0,0.0,0.0,False,104.70175743103027,False
2025-09-12T23:49:08.979827+00:00,SYMBOL_019,2023-01-03,2023-01-10,mean_reversion,0.0,0.0,0.0,0.0,0.0,0.0,0.0,0.0,0.0,False,103.12461853027344,False
2025-09-12T23:49:36.187910+00:00,AAPL,2023-01-03,2023-01-10,mean_reversion,0.0,0.0,0.0,0.0,0.0,0.0,0.0,0.0,0.0,False,103.30939292907715,False
2025-09-12T23:50:57.196302+00:00,GOOGL,2023-01-03,2023-01-10,mean_reversion,0.0,0.0,0.0,0.0,0.0,0.0,0.010399660413223141,0.5836118181818182,0.12727272727272726,False,103.30033302307129,False
2025-09-12T23:50:57.299148+00:00,MSFT,2023-01-03,2023-01-10,mean_reversion,0.0,0.0,0.0,0.0,0.0,0.0,0.0026847011755799757,0.47531438042328045,0.019047619047619046,False,102.6456356048584,False
2025-09-12T23:50:57.402303+00:00,AAPL,2023-01-03,2023-01-10,mean_reversion,0.0,0.0,0.0,0.0,0.0,0.0,0.0013406361500000001,0.49064275,0.043333333333333335,False,103.00111770629883,False
2025-09-12T23:56:14.742018+00:00,GOOGL,2023-01-03,2023-01-10,mean_reversion,0.0,0.0,0.0,0.0,0.0,0.0,0.0,0.0,0.0,False,103.97934913635254,False
2025-09-12T23:56:14.846124+00:00,MSFT,2023-01-03,2023-01-10,mean_reversion,0.0,0.0,0.0,0.0,0.0,0.0,0.0,0.0,0.0,False,103.91044616699219,False
2025-09-12T23:56:14.949305+00:00,AAPL,2023-01-03,2023-01-10,mean_reversion,0.0,0.0,0.0,0.0,0.0,0.0,0.0,0.0,0.0,False,102.98776626586914,False
2025-09-12T23:56:56.750241+00:00,AAPL,2023-01-03,2023-01-10,mean_reversion,0.0,0.0,0.0,0.0,0.0,0.0,0.0,0.0,0.0,False,103.79648208618164,False
2025-09-12T23:56:56.853712+00:00,MSFT,2023-01-03,2023-01-10,mean_reversion,0.0,0.0,0.0,0.0,0.0,0.0,0.0,0.0,0.0,False,103.23905944824219,False
2025-09-12T23:57:50.166498+00:00,SYMBOL_000,2023-01-03,2023-01-10,mean_reversion,0.0,0.0,0.0,0.0,0.0,0.0,0.0,0.0,0.0,False,103.14607620239258,False
2025-09-12T23:57:50.269892+00:00,SYMBOL_001,2023-01-03,2023-01-10,mean_reversion,0.0,0.0,0.0,0.0,0.0,0.0,0.0,0.0,0.0,False,103.19995880126953,False
2025-09-12T23:57:50.372541+00:00,SYMBOL_002,2023-01-03,2023-01-10,mean_reversion,0.0,0.0,0.0,0.0,0.0,0.0,0.0,0.0,0.0,False,102.45728492736816,False
2025-09-12T23:57:50.475065+00:00,SYMBOL_003,2023-01-03,2023-01-10,mean_reversion,0.0,0.0,0.0,0.0,0.0,0.0,0.0,0.0,0.0,False,102.34618186950684,False
2025-09-12T23:57:50.578044+00:00,SYMBOL_004,2023-01-03,2023-01-10,mean_reversion,0.0,0.0,0.0,0.0,0.0,0.0,0.0,0.0,0.0,False,102.69570350646973,False
2025-09-12T23:57:50.680889+00:00,SYMBOL_005,2023-01-03,2023-01-10,mean_reversion,0.0,0.0,0.0,0.0,0.0,0.0,0.0,0.0,0.0,False,102.56314277648926,False
2025-09-12T23:57:50.783267+00:00,SYMBOL_006,2023-01-03,2023-01-10,mean_reversion,0.0,0.0,0.0,0.0,0.0,0.0,0.0,0.0,0.0,False,102.18954086303711,False
2025-09-12T23:57:50.885598+00:00,SYMBOL_007,2023-01-03,2023-01-10,mean_reversion,0.0,0.0,0.0,0.0,0.0,0.0,0.0,0.0,0.0,False,102.16617584228516,False
2025-09-12T23:57:50.988499+00:00,SYMBOL_008,2023-01-03,2023-01-10,mean_reversion,0.0,0.0,0.0,0.0,0.0,0.0,0.0,0.0,0.0,False,102.66423225402832,False
2025-09-12T23:57:51.090489+00:00,SYMBOL_009,2023-01-03,2023-01-10,mean_reversion,0.0,0.0,0.0,0.0,0.0,0.0,0.0,0.0,0.0,False,101.80950164794922,False
2025-09-12T23:57:51.192764+00:00,SYMBOL_010,2023-01-03,2023-01-10,mean_reversion,0.0,0.0,0.0,0.0,0.0,0.0,0.0,0.0,0.0,False,102.10704803466797,False
2025-09-12T23:57:51.295983+00:00,SYMBOL_011,2023-01-03,2023-01-10,mean_reversion,0.0,0.0,0.0,0.0,0.0,0.0,0.0,0.0,0.0,False,103.03235054016113,False
2025-09-12T23:57:51.398239+00:00,SYMBOL_012,2023-01-03,2023-01-10,mean_reversion,0.0,0.0,0.0,0.0,0.0,0.0,0.0,0.0,0.0,False,102.08463668823242,False
2025-09-12T23:57:51.501002+00:00,SYMBOL_013,2023-01-03,2023-01-10,mean_reversion,0.0,0.0,0.0,0.0,0.0,0.0,0.0,0.0,0.0,False,102.57458686828613,False
2025-09-12T23:57:51.604961+00:00,SYMBOL_014,2023-01-03,2023-01-10,mean_reversion,0.0,0.0,0.0,0.0,0.0,0.0,0.0,0.0,0.0,False,103.77764701843262,False
2025-09-12T23:57:51.707813+00:00,SYMBOL_015,2023-01-03,2023-01-10,mean_reversion,0.0,0.0,0.0,0.0,0.0,0.0,0.0,0.0,0.0,False,102.66494750976562,False
2025-09-12T23:57:51.810180+00:00,SYMBOL_016,2023-01-03,2023-01-10,mean_reversion,0.0,0.0,0.0,0.0,0.0,0.0,0.0,0.0,0.0,False,102.1735668182373,False
2025-09-12T23:57:51.914312+00:00,SYMBOL_017,2023-01-03,2023-01-10,mean_reversion,0.0,0.0,0.0,0.0,0.0,0.0,0.0,0.0,0.0,False,103.90949249267578,False
2025-09-12T23:57:52.016729+00:00,SYMBOL_018,2023-01-03,2023-01-10,mean_reversion,0.0,0.0,0.0,0.0,0.0,0.0,0.0,0.0,0.0,False,102.23102569580078,False
2025-09-12T23:57:52.118581+00:00,SYMBOL_019,2023-01-03,2023-01-10,mean_reversion,0.0,0.0,0.0,0.0,0.0,0.0,0.0,0.0,0.0,False,101.67551040649414,False
2025-09-12T23:58:20.060160+00:00,AAPL,2023-01-03,2023-01-10,mean_reversion,0.0,0.0,0.0,0.0,0.0,0.0,0.0,0.0,0.0,False,103.70016098022461,False
2025-09-12T23:59:41.449927+00:00,GOOGL,2023-01-03,2023-01-10,mean_reversion,0.0,0.0,0.0,0.0,0.0,0.0,0.010399660413223141,0.5836118181818182,0.12727272727272726,False,104.59232330322266,False
2025-09-12T23:59:41.552441+00:00,MSFT,2023-01-03,2023-01-10,mean_reversion,0.0,0.0,0.0,0.0,0.0,0.0,0.0026847011755799757,0.47531438042328045,0.019047619047619046,False,102.31518745422363,False
2025-09-12T23:59:41.656011+00:00,AAPL,2023-01-03,2023-01-10,mean_reversion,0.0,0.0,0.0,0.0,0.0,0.0,0.0013406361500000001,0.49064275,0.043333333333333335,False,103.41358184814453,False
2025-09-13T00:36:02.748795+00:00,GOOGL,2023-01-03,2023-01-10,mean_reversion,0.0,0.0,0.0,0.0,0.0,0.0,0.0,0.0,0.0,False,104.33650016784668,False
2025-09-13T00:36:02.852399+00:00,MSFT,2023-01-03,2023-01-10,mean_reversion,0.0,0.0,0.0,0.0,0.0,0.0,0.0,0.0,0.0,False,103.41286659240723,False
2025-09-13T00:36:02.955561+00:00,AAPL,2023-01-03,2023-01-10,mean_reversion,0.0,0.0,0.0,0.0,0.0,0.0,0.0,0.0,0.0,False,102.99277305603027,False
2025-09-13T00:36:32.486457+00:00,GOOGL,2023-01-03,2023-01-10,mean_reversion,0.0,0.0,0.0,0.0,0.0,0.0,0.0,0.0,0.0,False,103.56259346008301,False
2025-09-13T00:36:32.589519+00:00,MSFT,2023-01-03,2023-01-10,mean_reversion,0.0,0.0,0.0,0.0,0.0,0.0,0.0,0.0,0.0,False,102.88596153259277,False
2025-09-13T00:36:32.691837+00:00,AAPL,2023-01-03,2023-01-10,mean_reversion,0.0,0.0,0.0,0.0,0.0,0.0,0.0,0.0,0.0,False,102.15568542480469,False
2025-09-13T00:36:36.911627+00:00,AAPL,2023-01-03,2023-01-10,mean_reversion,0.0,0.0,0.0,0.0,0.0,0.0,0.0,0.0,0.0,False,103.71804237365723,False
2025-09-13T00:36:37.015914+00:00,MSFT,2023-01-03,2023-01-10,mean_reversion,0.0,0.0,0.0,0.0,0.0,0.0,0.0,0.0,0.0,False,104.13360595703125,False
2025-09-13T00:37:00.907462+00:00,GOOGL,2023-01-03,2023-01-10,mean_reversion,0.0,0.0,0.0,0.0,0.0,0.0,0.0,0.0,0.0,False,101.98307037353516,False
2025-09-13T00:37:01.009671+00:00,MSFT,2023-01-03,2023-01-10,mean_reversion,0.0,0.0,0.0,0.0,0.0,0.0,0.0,0.0,0.0,False,102.10561752319336,False
2025-09-13T00:37:01.114671+00:00,AAPL,2023-01-03,2023-01-10,mean_reversion,0.0,0.0,0.0,0.0,0.0,0.0,0.0,0.0,0.0,False,104.94184494018555,False
2025-09-13T00:37:12.771118+00:00,AAPL,2023-01-03,2023-01-10,mean_reversion,0.0,0.0,0.0,0.0,0.0,0.0,0.0,0.0,0.0,False,103.52325439453125,False
2025-09-13T00:37:12.874671+00:00,MSFT,2023-01-03,2023-01-10,mean_reversion,0.0,0.0,0.0,0.0,0.0,0.0,0.0,0.0,0.0,False,103.27696800231934,False
2025-09-13T00:37:28.268747+00:00,SYMBOL_000,2023-01-03,2023-01-10,mean_reversion,0.0,0.0,0.0,0.0,0.0,0.0,0.0,0.0,0.0,False,104.29668426513672,False
2025-09-13T00:37:28.370445+00:00,SYMBOL_001,2023-01-03,2023-01-10,mean_reversion,0.0,0.0,0.0,0.0,0.0,0.0,0.0,0.0,0.0,False,101.61113739013672,False
2025-09-13T00:37:28.474401+00:00,SYMBOL_002,2023-01-03,2023-01-10,mean_reversion,0.0,0.0,0.0,0.0,0.0,0.0,0.0,0.0,0.0,False,103.88946533203125,False
2025-09-13T00:37:28.575906+00:00,SYMBOL_003,2023-01-03,2023-01-10,mean_reversion,0.0,0.0,0.0,0.0,0.0,0.0,0.0,0.0,0.0,False,101.39298439025879,False
2025-09-13T00:37:28.677858+00:00,SYMBOL_004,2023-01-03,2023-01-10,mean_reversion,0.0,0.0,0.0,0.0,0.0,0.0,0.0,0.0,0.0,False,101.88508033752441,False
2025-09-13T00:37:28.780259+00:00,SYMBOL_005,2023-01-03,2023-01-10,mean_reversion,0.0,0.0,0.0,0.0,0.0,0.0,0.0,0.0,0.0,False,102.33163833618164,False
2025-09-13T00:37:28.882159+00:00,SYMBOL_006,2023-01-03,2023-01-10,mean_reversion,0.0,0.0,0.0,0.0,0.0,0.0,0.0,0.0,0.0,False,101.80139541625977,False
2025-09-13T00:37:28.984558+00:00,SYMBOL_007,2023-01-03,2023-01-10,mean_reversion,0.0,0.0,0.0,0.0,0.0,0.0,0.0,0.0,0.0,False,102.32996940612793,False
2025-09-13T00:37:29.087933+00:00,SYMBOL_008,2023-01-03,2023-01-10,mean_reversion,0.0,0.0,0.0,0.0,0.0,0.0,0.0,0.0,0.0,False,103.31225395202637,False
2025-09-13T00:37:29.191925+00:00,SYMBOL_009,2023-01-03,2023-01-10,mean_reversion,0.0,0.0,0.0,0.0,0.0,0.0,0.0,0.0,0.0,False,103.87516021728516,False
2025-09-13T00:37:29.295619+00:00,SYMBOL_010,2023-01-03,2023-01-10,mean_reversion,0.0,0.0,0.0,0.0,0.0,0.0,0.0,0.0,0.0,False,103.5315990447998,False
2025-09-13T00:37:29.399448+00:00,SYMBOL_011,2023-01-03,2023-01-10,mean_reversion,0.0,0.0,0.0,0.0,0.0,0.0,0.0,0.0,0.0,False,103.67226600646973,False
2025-09-13T00:37:29.500857+00:00,SYMBOL_012,2023-01-03,2023-01-10,mean_reversion,0.0,0.0,0.0,0.0,0.0,0.0,0.0,0.0,0.0,False,101.35102272033691,False
2025-09-13T00:37:29.602060+00:00,SYMBOL_013,2023-01-03,2023-01-10,mean_reversion,0.0,0.0,0.0,0.0,0.0,0.0,0.0,0.0,0.0,False,101.14264488220215,False
2025-09-13T00:37:29.706264+00:00,SYMBOL_014,2023-01-03,2023-01-10,mean_reversion,0.0,0.0,0.0,0.0,0.0,0.0,0.0,0.0,0.0,False,104.12931442260742,False
2025-09-13T00:37:29.807236+00:00,SYMBOL_015,2023-01-03,2023-01-10,mean_reversion,0.0,0.0,0.0,0.0,0.0,0.0,0.0,0.0,0.0,False,100.91900825500488,False
2025-09-13T00:37:29.908598+00:00,SYMBOL_016,2023-01-03,2023-01-10,mean_reversion,0.0,0.0,0.0,0.0,0.0,0.0,0.0,0.0,0.0,False,101.29117965698242,False
2025-09-13T00:37:30.010169+00:00,SYMBOL_017,2023-01-03,2023-01-10,mean_reversion,0.0,0.0,0.0,0.0,0.0,0.0,0.0,0.0,0.0,False,101.51386260986328,False
2025-09-13T00:37:30.114053+00:00,SYMBOL_018,2023-01-03,2023-01-10,mean_reversion,0.0,0.0,0.0,0.0,0.0,0.0,0.0,0.0,0.0,False,103.81746292114258,False
2025-09-13T00:37:30.215357+00:00,SYMBOL_019,2023-01-03,2023-01-10,mean_reversion,0.0,0.0,0.0,0.0,0.0,0.0,0.0,0.0,0.0,False,101.24397277832031,False
2025-09-13T00:38:27.959730+00:00,SYMBOL_000,2023-01-03,2023-01-10,mean_reversion,0.0,0.0,0.0,0.0,0.0,0.0,0.0,0.0,0.0,False,103.47366333007812,False
2025-09-13T00:38:28.063298+00:00,SYMBOL_001,2023-01-03,2023-01-10,mean_reversion,0.0,0.0,0.0,0.0,0.0,0.0,0.0,0.0,0.0,False,103.25908660888672,False
2025-09-13T00:38:28.166436+00:00,SYMBOL_002,2023-01-03,2023-01-10,mean_reversion,0.0,0.0,0.0,0.0,0.0,0.0,0.0,0.0,0.0,False,102.98776626586914,False
2025-09-13T00:38:28.268165+00:00,SYMBOL_003,2023-01-03,2023-01-10,mean_reversion,0.0,0.0,0.0,0.0,0.0,0.0,0.0,0.0,0.0,False,101.56536102294922,False
2025-09-13T00:38:28.370047+00:00,SYMBOL_004,2023-01-03,2023-01-10,mean_reversion,0.0,0.0,0.0,0.0,0.0,0.0,0.0,0.0,0.0,False,101.73654556274414,False
2025-09-13T00:38:28.472089+00:00,SYMBOL_005,2023-01-03,2023-01-10,mean_reversion,0.0,0.0,0.0,0.0,0.0,0.0,0.0,0.0,0.0,False,101.88555717468262,False
2025-09-13T00:38:28.574440+00:00,SYMBOL_006,2023-01-03,2023-01-10,mean_reversion,0.0,0.0,0.0,0.0,0.0,0.0,0.0,0.0,0.0,False,102.22053527832031,False
2025-09-13T00:38:28.676497+00:00,SYMBOL_007,2023-01-03,2023-01-10,mean_reversion,0.0,0.0,0.0,0.0,0.0,0.0,0.0,0.0,0.0,False,101.89986228942871,False
2025-09-13T00:38:28.778137+00:00,SYMBOL_008,2023-01-03,2023-01-10,mean_reversion,0.0,0.0,0.0,0.0,0.0,0.0,0.0,0.0,0.0,False,101.49741172790527,False
2025-09-13T00:38:28.880243+00:00,SYMBOL_009,2023-01-03,2023-01-10,mean_reversion,0.0,0.0,0.0,0.0,0.0,0.0,0.0,0.0,0.0,False,101.96590423583984,False
2025-09-13T00:38:28.982192+00:00,SYMBOL_010,2023-01-03,2023-01-10,mean_reversion,0.0,0.0,0.0,0.0,0.0,0.0,0.0,0.0,0.0,False,101.79471969604492,False
2025-09-13T00:38:29.084801+00:00,SYMBOL_011,2023-01-03,2023-01-10,mean_reversion,0.0,0.0,0.0,0.0,0.0,0.0,0.0,0.0,0.0,False,102.45275497436523,False
2025-09-13T00:38:29.186934+00:00,SYMBOL_012,2023-01-03,2023-01-10,mean_reversion,0.0,0.0,0.0,0.0,0.0,0.0,0.0,0.0,0.0,False,101.98450088500977,False
2025-09-13T00:38:29.289319+00:00,SYMBOL_013,2023-01-03,2023-01-10,mean_reversion,0.0,0.0,0.0,0.0,0.0,0.0,0.0,0.0,0.0,False,102.22840309143066,False
2025-09-13T00:38:29.391011+00:00,SYMBOL_014,2023-01-03,2023-01-10,mean_reversion,0.0,0.0,0.0,0.0,0.0,0.0,0.0,0.0,0.0,False,101.5470027923584,False
2025-09-13T00:38:29.494836+00:00,SYMBOL_015,2023-01-03,2023-01-10,mean_reversion,0.0,0.0,0.0,0.0,0.0,0.0,0.0,0.0,0.0,False,103.6839485168457,False
2025-09-13T00:38:29.597533+00:00,SYMBOL_016,2023-01-03,2023-01-10,mean_reversion,0.0,0.0,0.0,0.0,0.0,0.0,0.0,0.0,0.0,False,102.53596305847168,False
2025-09-13T00:38:29.699514+00:00,SYMBOL_017,2023-01-03,2023-01-10,mean_reversion,0.0,0.0,0.0,0.0,0.0,0.0,0.0,0.0,0.0,False,101.82738304138184,False
2025-09-13T00:38:29.801803+00:00,SYMBOL_018,2023-01-03,2023-01-10,mean_reversion,0.0,0.0,0.0,0.0,0.0,0.0,0.0,0.0,0.0,False,102.13541984558105,False
2025-09-13T00:38:29.904398+00:00,SYMBOL_019,2023-01-03,2023-01-10,mean_reversion,0.0,0.0,0.0,0.0,0.0,0.0,0.0,0.0,0.0,False,102.45227813720703,False
2025-09-13T00:38:54.471657+00:00,AAPL,2023-01-03,2023-01-10,mean_reversion,0.0,0.0,0.0,0.0,0.0,0.0,0.0,0.0,0.0,False,103.04713249206543,False
2025-09-13T00:40:35.253019+00:00,GOOGL,2023-01-03,2023-01-10,mean_reversion,0.0,0.0,0.0,0.0,0.0,0.0,0.010539438541666668,0.5833580555555555,0.11666666666666665,False,102.7686595916748,False
2025-09-13T00:40:35.356132+00:00,MSFT,2023-01-03,2023-01-10,mean_reversion,0.0,0.0,0.0,0.0,0.0,0.0,0.002868809458035715,0.4722914828125,0.01875,False,102.96177864074707,False
2025-09-13T00:40:35.458178+00:00,AAPL,2023-01-03,2023-01-10,mean_reversion,0.0,0.0,0.0,0.0,0.0,0.0,0.001502061317436662,0.49174503825136606,0.042622950819672135,False,101.91607475280762,False
2025-09-13T13:54:51.163242+00:00,AAPL,2023-01-03,2023-01-10,mean_reversion,0.0,0.0,0.0,0.0,0.0,0.0,0.0,0.0,0.0,False,103.1961441040039,False
2025-09-13T13:54:51.266623+00:00,MSFT,2023-01-03,2023-01-10,mean_reversion,0.0,0.0,0.0,0.0,0.0,0.0,0.0,0.0,0.0,False,103.17802429199219,False
2025-09-13T13:56:41.846938+00:00,GOOGL,2023-01-03,2023-01-10,mean_reversion,0.0,0.0,0.0,0.0,0.0,0.0,0.020766581250000003,0.4457008333333333,0.25,False,103.99293899536133,False
2025-09-13T13:56:41.950450+00:00,MSFT,2023-01-03,2023-01-10,mean_reversion,0.0,0.0,0.0,0.0,0.0,0.0,0.002369575600000001,0.46955837543859646,0.021052631578947368,False,103.33609580993652,False
2025-09-13T13:56:42.054349+00:00,AAPL,2023-01-03,2023-01-10,mean_reversion,0.0,0.0,0.0,0.0,0.0,0.0,0.0015877472,0.4848432077380952,0.03928571428571428,False,103.6834716796875,False
2025-09-13T14:18:05.944716+00:00,GOOGL,2023-01-03,2023-01-10,mean_reversion,0.0,0.0,0.0,0.0,0.0,0.0,0.0,0.0,0.0,False,103.61409187316895,False
2025-09-13T14:18:06.048005+00:00,MSFT,2023-01-03,2023-01-10,mean_reversion,0.0,0.0,0.0,0.0,0.0,0.0,0.0,0.0,0.0,False,103.0735969543457,False
2025-09-13T14:18:06.150574+00:00,AAPL,2023-01-03,2023-01-10,mean_reversion,0.0,0.0,0.0,0.0,0.0,0.0,0.0,0.0,0.0,False,102.36525535583496,False
2025-09-13T14:18:39.822247+00:00,AAPL,2023-01-03,2023-01-10,mean_reversion,0.0,0.0,0.0,0.0,0.0,0.0,0.0,0.0,0.0,False,105.82613945007324,False
2025-09-13T14:18:39.925322+00:00,MSFT,2023-01-03,2023-01-10,mean_reversion,0.0,0.0,0.0,0.0,0.0,0.0,0.0,0.0,0.0,False,102.89454460144043,False
2025-09-13T14:19:28.552981+00:00,SYMBOL_000,2023-01-03,2023-01-10,mean_reversion,0.0,0.0,0.0,0.0,0.0,0.0,0.0,0.0,0.0,False,103.76095771789551,False
2025-09-13T14:19:28.655662+00:00,SYMBOL_001,2023-01-03,2023-01-10,mean_reversion,0.0,0.0,0.0,0.0,0.0,0.0,0.0,0.0,0.0,False,102.47993469238281,False
2025-09-13T14:19:28.758280+00:00,SYMBOL_002,2023-01-03,2023-01-10,mean_reversion,0.0,0.0,0.0,0.0,0.0,0.0,0.0,0.0,0.0,False,102.46968269348145,False
2025-09-13T14:19:28.861782+00:00,SYMBOL_003,2023-01-03,2023-01-10,mean_reversion,0.0,0.0,0.0,0.0,0.0,0.0,0.0,0.0,0.0,False,103.31606864929199,False
2025-09-13T14:19:28.964177+00:00,SYMBOL_004,2023-01-03,2023-01-10,mean_reversion,0.0,0.0,0.0,0.0,0.0,0.0,0.0,0.0,0.0,False,102.22792625427246,False
2025-09-13T14:19:29.067049+00:00,SYMBOL_005,2023-01-03,2023-01-10,mean_reversion,0.0,0.0,0.0,0.0,0.0,0.0,0.0,0.0,0.0,False,102.71859169006348,False
2025-09-13T14:19:29.170450+00:00,SYMBOL_006,2023-01-03,2023-01-10,mean_reversion,0.0,0.0,0.0,0.0,0.0,0.0,0.0,0.0,0.0,False,103.17826271057129,False
2025-09-13T14:19:29.272863+00:00,SYMBOL_007,2023-01-03,2023-01-10,mean_reversion,0.0,0.0,0.0,0.0,0.0,0.0,0.0,0.0,0.0,False,102.25605964660645,False
2025-09-13T14:19:29.374818+00:00,SYMBOL_008,2023-01-03,2023-01-10,mean_reversion,0.0,0.0,0.0,0.0,0.0,0.0,0.0,0.0,0.0,False,101.79305076599121,False
2025-09-13T14:19:29.477126+00:00,SYMBOL_009,2023-01-03,2023-01-10,mean_reversion,0.0,0.0,0.0,0.0,0.0,0.0,0.0,0.0,0.0,False,102.12945938110352,False
2025-09-13T14:19:29.580533+00:00,SYMBOL_010,2023-01-03,2023-01-10,mean_reversion,0.0,0.0,0.0,0.0,0.0,0.0,0.0,0.0,0.0,False,103.20806503295898,False
2025-09-13T14:19:29.682884+00:00,SYMBOL_011,2023-01-03,2023-01-10,mean_reversion,0.0,0.0,0.0,0.0,0.0,0.0,0.0,0.0,0.0,False,102.19168663024902,False
2025-09-13T14:19:29.784861+00:00,SYMBOL_012,2023-01-03,2023-01-10,mean_reversion,0.0,0.0,0.0,0.0,0.0,0.0,0.0,0.0,0.0,False,101.79543495178223,False
2025-09-13T14:19:29.890585+00:00,SYMBOL_013,2023-01-03,2023-01-10,mean_reversion,0.0,0.0,0.0,0.0,0.0,0.0,0.0,0.0,0.0,False,105.37576675415039,False
2025-09-13T14:19:29.992713+00:00,SYMBOL_014,2023-01-03,2023-01-10,mean_reversion,0.0,0.0,0.0,0.0,0.0,0.0,0.0,0.0,0.0,False,102.05841064453125,False
2025-09-13T14:19:30.096442+00:00,SYMBOL_015,2023-01-03,2023-01-10,mean_reversion,0.0,0.0,0.0,0.0,0.0,0.0,0.0,0.0,0.0,False,103.64699363708496,False
2025-09-13T14:19:30.199272+00:00,SYMBOL_016,2023-01-03,2023-01-10,mean_reversion,0.0,0.0,0.0,0.0,0.0,0.0,0.0,0.0,0.0,False,102.74791717529297,False
2025-09-13T14:19:30.301963+00:00,SYMBOL_017,2023-01-03,2023-01-10,mean_reversion,0.0,0.0,0.0,0.0,0.0,0.0,0.0,0.0,0.0,False,102.58769989013672,False
2025-09-13T14:19:30.404370+00:00,SYMBOL_018,2023-01-03,2023-01-10,mean_reversion,0.0,0.0,0.0,0.0,0.0,0.0,0.0,0.0,0.0,False,102.32019424438477,False
2025-09-13T14:19:30.506140+00:00,SYMBOL_019,2023-01-03,2023-01-10,mean_reversion,0.0,0.0,0.0,0.0,0.0,0.0,0.0,0.0,0.0,False,101.68886184692383,False
2025-09-13T14:19:49.966617+00:00,AAPL,2023-01-03,2023-01-10,mean_reversion,0.0,0.0,0.0,0.0,0.0,0.0,0.0,0.0,0.0,False,103.43694686889648,False
2025-09-13T14:20:08.180975+00:00,GOOGL,2023-01-03,2023-01-10,mean_reversion,0.0,0.0,0.0,0.0,0.0,0.0,0.0,0.0,0.0,False,104.92324829101562,False
2025-09-13T14:20:08.283583+00:00,MSFT,2023-01-03,2023-01-10,mean_reversion,0.0,0.0,0.0,0.0,0.0,0.0,0.0,0.0,0.0,False,102.40650177001953,False
2025-09-13T14:20:08.385853+00:00,AAPL,2023-01-03,2023-01-10,mean_reversion,0.0,0.0,0.0,0.0,0.0,0.0,0.0,0.0,0.0,False,102.10728645324707,False
2025-09-13T14:20:44.936548+00:00,AAPL,2023-01-03,2023-01-10,mean_reversion,0.0,0.0,0.0,0.0,0.0,0.0,0.0,0.0,0.0,False,103.02495956420898,False
2025-09-13T14:20:45.039108+00:00,MSFT,2023-01-03,2023-01-10,mean_reversion,0.0,0.0,0.0,0.0,0.0,0.0,0.0,0.0,0.0,False,102.36716270446777,False
2025-09-13T14:21:04.495426+00:00,GOOGL,2023-01-03,2023-01-10,mean_reversion,0.0,0.0,0.0,0.0,0.0,0.0,0.020766581250000003,0.4457008333333333,0.25,False,103.24645042419434,False
2025-09-13T14:21:04.599072+00:00,MSFT,2023-01-03,2023-01-10,mean_reversion,0.0,0.0,0.0,0.0,0.0,0.0,0.00236190261754386,0.4684866795321637,0.021052631578947368,False,103.50489616394043,False
2025-09-13T14:21:04.701517+00:00,AAPL,2023-01-03,2023-01-10,mean_reversion,0.0,0.0,0.0,0.0,0.0,0.0,0.0015877472,0.4848432077380952,0.03928571428571428,False,102.36382484436035,False
2025-09-13T14:21:34.467439+00:00,SYMBOL_000,2023-01-03,2023-01-10,mean_reversion,0.0,0.0,0.0,0.0,0.0,0.0,0.0,0.0,0.0,False,103.46031188964844,False
2025-09-13T14:21:34.570785+00:00,SYMBOL_001,2023-01-03,2023-01-10,mean_reversion,0.0,0.0,0.0,0.0,0.0,0.0,0.0,0.0,0.0,False,103.12223434448242,False
2025-09-13T14:21:34.673340+00:00,SYMBOL_002,2023-01-03,2023-01-10,mean_reversion,0.0,0.0,0.0,0.0,0.0,0.0,0.0,0.0,0.0,False,102.4179458618164,False
2025-09-13T14:21:34.776416+00:00,SYMBOL_003,2023-01-03,2023-01-10,mean_reversion,0.0,0.0,0.0,0.0,0.0,0.0,0.0,0.0,0.0,False,102.88667678833008,False
2025-09-13T14:21:34.879717+00:00,SYMBOL_004,2023-01-03,2023-01-10,mean_reversion,0.0,0.0,0.0,0.0,0.0,0.0,0.0,0.0,0.0,False,103.1334400177002,False
2025-09-13T14:21:34.981003+00:00,SYMBOL_005,2023-01-03,2023-01-10,mean_reversion,0.0,0.0,0.0,0.0,0.0,0.0,0.0,0.0,0.0,False,101.1495590209961,False
2025-09-13T14:21:35.083755+00:00,SYMBOL_006,2023-01-03,2023-01-10,mean_reversion,0.0,0.0,0.0,0.0,0.0,0.0,0.0,0.0,0.0,False,102.6909351348877,False
2025-09-13T14:21:35.185434+00:00,SYMBOL_007,2023-01-03,2023-01-10,mean_reversion,0.0,0.0,0.0,0.0,0.0,0.0,0.0,0.0,0.0,False,101.52983665466309,False
2025-09-13T14:21:35.288473+00:00,SYMBOL_008,2023-01-03,2023-01-10,mean_reversion,0.0,0.0,0.0,0.0,0.0,0.0,0.0,0.0,0.0,False,102.92696952819824,False
2025-09-13T14:21:35.391172+00:00,SYMBOL_009,2023-01-03,2023-01-10,mean_reversion,0.0,0.0,0.0,0.0,0.0,0.0,0.0,0.0,0.0,False,102.54144668579102,False
2025-09-13T14:21:35.493764+00:00,SYMBOL_010,2023-01-03,2023-01-10,mean_reversion,0.0,0.0,0.0,0.0,0.0,0.0,0.0,0.0,0.0,False,102.43988037109375,False
2025-09-13T14:21:35.596718+00:00,SYMBOL_011,2023-01-03,2023-01-10,mean_reversion,0.0,0.0,0.0,0.0,0.0,0.0,0.0,0.0,0.0,False,102.83541679382324,False
2025-09-13T14:21:35.699007+00:00,SYMBOL_012,2023-01-03,2023-01-10,mean_reversion,0.0,0.0,0.0,0.0,0.0,0.0,0.0,0.0,0.0,False,102.13160514831543,False
2025-09-13T14:21:35.801551+00:00,SYMBOL_013,2023-01-03,2023-01-10,mean_reversion,0.0,0.0,0.0,0.0,0.0,0.0,0.0,0.0,0.0,False,102.4324893951416,False
2025-09-13T14:21:35.903899+00:00,SYMBOL_014,2023-01-03,2023-01-10,mean_reversion,0.0,0.0,0.0,0.0,0.0,0.0,0.0,0.0,0.0,False,102.23889350891113,False
2025-09-13T14:21:36.005738+00:00,SYMBOL_015,2023-01-03,2023-01-10,mean_reversion,0.0,0.0,0.0,0.0,0.0,0.0,0.0,0.0,0.0,False,101.72200202941895,False
2025-09-13T14:21:36.108418+00:00,SYMBOL_016,2023-01-03,2023-01-10,mean_reversion,0.0,0.0,0.0,0.0,0.0,0.0,0.0,0.0,0.0,False,102.5390625,False
2025-09-13T14:21:36.210739+00:00,SYMBOL_017,2023-01-03,2023-01-10,mean_reversion,0.0,0.0,0.0,0.0,0.0,0.0,0.0,0.0,0.0,False,102.13017463684082,False
2025-09-13T14:21:36.314038+00:00,SYMBOL_018,2023-01-03,2023-01-10,mean_reversion,0.0,0.0,0.0,0.0,0.0,0.0,0.0,0.0,0.0,False,103.07908058166504,False
2025-09-13T14:21:36.417060+00:00,SYMBOL_019,2023-01-03,2023-01-10,mean_reversion,0.0,0.0,0.0,0.0,0.0,0.0,0.0,0.0,0.0,False,102.85377502441406,False
2025-09-13T14:21:55.011451+00:00,AAPL,2023-01-03,2023-01-10,mean_reversion,0.0,0.0,0.0,0.0,0.0,0.0,0.0,0.0,0.0,False,104.08854484558105,False
2025-09-13T14:23:06.890200+00:00,GOOGL,2023-01-03,2023-01-10,mean_reversion,0.0,0.0,0.0,0.0,0.0,0.0,0.020766581250000003,0.4457008333333333,0.25,False,103.05309295654297,False
2025-09-13T14:23:06.991627+00:00,MSFT,2023-01-03,2023-01-10,mean_reversion,0.0,0.0,0.0,0.0,0.0,0.0,0.00236190261754386,0.4684866795321637,0.021052631578947368,False,101.31716728210449,False
2025-09-13T14:23:07.093325+00:00,AAPL,2023-01-03,2023-01-10,mean_reversion,0.0,0.0,0.0,0.0,0.0,0.0,0.0015877472,0.4848432077380952,0.03928571428571428,False,101.60422325134277,False
2025-09-13T14:24:24.143755+00:00,GOOGL,2023-01-03,2023-01-10,mean_reversion,0.0,0.0,0.0,0.0,0.0,0.0,0.0,0.0,0.0,False,103.73950004577637,False
2025-09-13T14:24:24.247178+00:00,MSFT,2023-01-03,2023-01-10,mean_reversion,0.0,0.0,0.0,0.0,0.0,0.0,0.0,0.0,0.0,False,103.21736335754395,False
2025-09-13T14:24:24.349972+00:00,AAPL,2023-01-03,2023-01-10,mean_reversion,0.0,0.0,0.0,0.0,0.0,0.0,0.0,0.0,0.0,False,102.63180732727051,False
2025-09-13T14:24:57.843743+00:00,AAPL,2023-01-03,2023-01-10,mean_reversion,0.0,0.0,0.0,0.0,0.0,0.0,0.0,0.0,0.0,False,101.73296928405762,False
2025-09-13T14:24:57.945776+00:00,MSFT,2023-01-03,2023-01-10,mean_reversion,0.0,0.0,0.0,0.0,0.0,0.0,0.0,0.0,0.0,False,101.95398330688477,False
2025-09-13T14:25:47.817131+00:00,SYMBOL_000,2023-01-03,2023-01-10,mean_reversion,0.0,0.0,0.0,0.0,0.0,0.0,0.0,0.0,0.0,False,103.41429710388184,False
2025-09-13T14:25:47.920831+00:00,SYMBOL_001,2023-01-03,2023-01-10,mean_reversion,0.0,0.0,0.0,0.0,0.0,0.0,0.0,0.0,0.0,False,103.47366333007812,False
2025-09-13T14:25:48.023199+00:00,SYMBOL_002,2023-01-03,2023-01-10,mean_reversion,0.0,0.0,0.0,0.0,0.0,0.0,0.0,0.0,0.0,False,102.18667984008789,False
2025-09-13T14:25:48.125742+00:00,SYMBOL_003,2023-01-03,2023-01-10,mean_reversion,0.0,0.0,0.0,0.0,0.0,0.0,0.0,0.0,0.0,False,102.39171981811523,False
2025-09-13T14:25:48.227905+00:00,SYMBOL_004,2023-01-03,2023-01-10,mean_reversion,0.0,0.0,0.0,0.0,0.0,0.0,0.0,0.0,0.0,False,101.99213027954102,False
2025-09-13T14:25:48.331989+00:00,SYMBOL_005,2023-01-03,2023-01-10,mean_reversion,0.0,0.0,0.0,0.0,0.0,0.0,0.0,0.0,0.0,False,103.61790657043457,False
2025-09-13T14:25:48.434215+00:00,SYMBOL_006,2023-01-03,2023-01-10,mean_reversion,0.0,0.0,0.0,0.0,0.0,0.0,0.0,0.0,0.0,False,102.06985473632812,False
2025-09-13T14:25:48.536402+00:00,SYMBOL_007,2023-01-03,2023-01-10,mean_reversion,0.0,0.0,0.0,0.0,0.0,0.0,0.0,0.0,0.0,False,101.97162628173828,False
2025-09-13T14:25:48.639921+00:00,SYMBOL_008,2023-01-03,2023-01-10,mean_reversion,0.0,0.0,0.0,0.0,0.0,0.0,0.0,0.0,0.0,False,103.33609580993652,False
2025-09-13T14:25:48.742663+00:00,SYMBOL_009,2023-01-03,2023-01-10,mean_reversion,0.0,0.0,0.0,0.0,0.0,0.0,0.0,0.0,0.0,False,102.57339477539062,False
2025-09-13T14:25:48.844902+00:00,SYMBOL_010,2023-01-03,2023-01-10,mean_reversion,0.0,0.0,0.0,0.0,0.0,0.0,0.0,0.0,0.0,False,102.05721855163574,False
2025-09-13T14:25:48.947201+00:00,SYMBOL_011,2023-01-03,2023-01-10,mean_reversion,0.0,0.0,0.0,0.0,0.0,0.0,0.0,0.0,0.0,False,102.13255882263184,False
2025-09-13T14:25:49.049685+00:00,SYMBOL_012,2023-01-03,2023-01-10,mean_reversion,0.0,0.0,0.0,0.0,0.0,0.0,0.0,0.0,0.0,False,102.31518745422363,False
2025-09-13T14:25:49.153220+00:00,SYMBOL_013,2023-01-03,2023-01-10,mean_reversion,0.0,0.0,0.0,0.0,0.0,0.0,0.0,0.0,0.0,False,103.39474678039551,False
2025-09-13T14:25:49.256076+00:00,SYMBOL_014,2023-01-03,2023-01-10,mean_reversion,0.0,0.0,0.0,0.0,0.0,0.0,0.0,0.0,0.0,False,102.65874862670898,False
2025-09-13T14:25:49.359136+00:00,SYMBOL_015,2023-01-03,2023-01-10,mean_reversion,0.0,0.0,0.0,0.0,0.0,0.0,0.0,0.0,0.0,False,102.9515266418457,False
2025-09-13T14:25:49.462783+00:00,SYMBOL_016,2023-01-03,2023-01-10,mean_reversion,0.0,0.0,0.0,0.0,0.0,0.0,0.0,0.0,0.0,False,103.47151756286621,False
2025-09-13T14:25:49.565682+00:00,SYMBOL_017,2023-01-03,2023-01-10,mean_reversion,0.0,0.0,0.0,0.0,0.0,0.0,0.0,0.0,0.0,False,102.71906852722168,False
2025-09-13T14:25:49.668486+00:00,SYMBOL_018,2023-01-03,2023-01-10,mean_reversion,0.0,0.0,0.0,0.0,0.0,0.0,0.0,0.0,0.0,False,102.63872146606445,False
2025-09-13T14:25:49.771603+00:00,SYMBOL_019,2023-01-03,2023-01-10,mean_reversion,0.0,0.0,0.0,0.0,0.0,0.0,0.0,0.0,0.0,False,102.96225547790527,False
2025-09-13T14:26:08.960316+00:00,AAPL,2023-01-03,2023-01-10,mean_reversion,0.0,0.0,0.0,0.0,0.0,0.0,0.0,0.0,0.0,False,102.88238525390625,False
2025-09-13T14:27:21.310647+00:00,GOOGL,2023-01-03,2023-01-10,mean_reversion,0.0,0.0,0.0,0.0,0.0,0.0,0.020766581250000003,0.4457008333333333,0.25,False,104.05135154724121,False
2025-09-13T14:27:21.413908+00:00,MSFT,2023-01-03,2023-01-10,mean_reversion,0.0,0.0,0.0,0.0,0.0,0.0,0.00236190261754386,0.4684866795321637,0.021052631578947368,False,103.08527946472168,False
2025-09-13T14:27:21.516591+00:00,AAPL,2023-01-03,2023-01-10,mean_reversion,0.0,0.0,0.0,0.0,0.0,0.0,0.0015877472,0.4848432077380952,0.03928571428571428,False,102.53190994262695,False
2025-09-13T15:50:33.870281+00:00,GOOGL,2023-01-03,2023-01-10,mean_reversion,0.0,0.0,0.0,0.0,0.0,0.0,0.0,0.0,0.0,False,103.6379337310791,False
2025-09-13T15:50:33.973384+00:00,MSFT,2023-01-03,2023-01-10,mean_reversion,0.0,0.0,0.0,0.0,0.0,0.0,0.0,0.0,0.0,False,102.70142555236816,False
2025-09-13T15:50:34.076745+00:00,AAPL,2023-01-03,2023-01-10,mean_reversion,0.0,0.0,0.0,0.0,0.0,0.0,0.0,0.0,0.0,False,103.1801700592041,False
2025-09-13T15:51:08.642605+00:00,AAPL,2023-01-03,2023-01-10,mean_reversion,0.0,0.0,0.0,0.0,0.0,0.0,0.0,0.0,0.0,False,103.81937026977539,False
2025-09-13T15:51:08.745781+00:00,MSFT,2023-01-03,2023-01-10,mean_reversion,0.0,0.0,0.0,0.0,0.0,0.0,0.0,0.0,0.0,False,102.93722152709961,False
2025-09-13T15:52:01.511553+00:00,SYMBOL_000,2023-01-03,2023-01-10,mean_reversion,0.0,0.0,0.0,0.0,0.0,0.0,0.0,0.0,0.0,False,103.66034507751465,False
2025-09-13T15:52:01.614466+00:00,SYMBOL_001,2023-01-03,2023-01-10,mean_reversion,0.0,0.0,0.0,0.0,0.0,0.0,0.0,0.0,0.0,False,102.71430015563965,False
2025-09-13T15:52:01.719816+00:00,SYMBOL_002,2023-01-03,2023-01-10,mean_reversion,0.0,0.0,0.0,0.0,0.0,0.0,0.0,0.0,0.0,False,105.19266128540039,False
2025-09-13T15:52:01.822730+00:00,SYMBOL_003,2023-01-03,2023-01-10,mean_reversion,0.0,0.0,0.0,0.0,0.0,0.0,0.0,0.0,0.0,False,102.78582572937012,False
2025-09-13T15:52:01.925076+00:00,SYMBOL_004,2023-01-03,2023-01-10,mean_reversion,0.0,0.0,0.0,0.0,0.0,0.0,0.0,0.0,0.0,False,102.18620300292969,False
2025-09-13T15:52:02.029454+00:00,SYMBOL_005,2023-01-03,2023-01-10,mean_reversion,0.0,0.0,0.0,0.0,0.0,0.0,0.0,0.0,0.0,False,104.22372817993164,False
2025-09-13T15:52:02.132505+00:00,SYMBOL_006,2023-01-03,2023-01-10,mean_reversion,0.0,0.0,0.0,0.0,0.0,0.0,0.0,0.0,0.0,False,102.88572311401367,False
2025-09-13T15:52:02.235133+00:00,SYMBOL_007,2023-01-03,2023-01-10,mean_reversion,0.0,0.0,0.0,0.0,0.0,0.0,0.0,0.0,0.0,False,102.46658325195312,False
2025-09-13T15:52:02.337413+00:00,SYMBOL_008,2023-01-03,2023-01-10,mean_reversion,0.0,0.0,0.0,0.0,0.0,0.0,0.0,0.0,0.0,False,102.08654403686523,False
2025-09-13T15:52:02.439546+00:00,SYMBOL_009,2023-01-03,2023-01-10,mean_reversion,0.0,0.0,0.0,0.0,0.0,0.0,0.0,0.0,0.0,False,101.96232795715332,False
2025-09-13T15:52:02.542588+00:00,SYMBOL_010,2023-01-03,2023-01-10,mean_reversion,0.0,0.0,0.0,0.0,0.0,0.0,0.0,0.0,0.0,False,102.88739204406738,False
2025-09-13T15:52:02.648497+00:00,SYMBOL_011,2023-01-03,2023-01-10,mean_reversion,0.0,0.0,0.0,0.0,0.0,0.0,0.0,0.0,0.0,False,105.70311546325684,False
2025-09-13T15:52:02.750942+00:00,SYMBOL_012,2023-01-03,2023-01-10,mean_reversion,0.0,0.0,0.0,0.0,0.0,0.0,0.0,0.0,0.0,False,102.25844383239746,False
2025-09-13T15:52:02.853398+00:00,SYMBOL_013,2023-01-03,2023-01-10,mean_reversion,0.0,0.0,0.0,0.0,0.0,0.0,0.0,0.0,0.0,False,102.26702690124512,False
2025-09-13T15:52:02.955476+00:00,SYMBOL_014,2023-01-03,2023-01-10,mean_reversion,0.0,0.0,0.0,0.0,0.0,0.0,0.0,0.0,0.0,False,101.92394256591797,False
2025-09-13T15:52:03.057543+00:00,SYMBOL_015,2023-01-03,2023-01-10,mean_reversion,0.0,0.0,0.0,0.0,0.0,0.0,0.0,0.0,0.0,False,101.90415382385254,False
2025-09-13T15:52:03.160499+00:00,SYMBOL_016,2023-01-03,2023-01-10,mean_reversion,0.0,0.0,0.0,0.0,0.0,0.0,0.0,0.0,0.0,False,102.81157493591309,False
2025-09-13T15:52:03.263023+00:00,SYMBOL_017,2023-01-03,2023-01-10,mean_reversion,0.0,0.0,0.0,0.0,0.0,0.0,0.0,0.0,0.0,False,102.32925415039062,False
2025-09-13T15:52:03.364847+00:00,SYMBOL_018,2023-01-03,2023-01-10,mean_reversion,0.0,0.0,0.0,0.0,0.0,0.0,0.0,0.0,0.0,False,101.72319412231445,False
2025-09-13T15:52:03.467141+00:00,SYMBOL_019,2023-01-03,2023-01-10,mean_reversion,0.0,0.0,0.0,0.0,0.0,0.0,0.0,0.0,0.0,False,102.12850570678711,False
2025-09-13T15:52:23.595777+00:00,AAPL,2023-01-03,2023-01-10,mean_reversion,0.0,0.0,0.0,0.0,0.0,0.0,0.0,0.0,0.0,False,104.39872741699219,False
2025-09-13T15:53:40.240145+00:00,GOOGL,2023-01-03,2023-01-10,mean_reversion,0.0,0.0,0.0,0.0,0.0,0.0,0.020766581250000003,0.4457008333333333,0.25,False,103.70826721191406,False
2025-09-13T15:53:40.342618+00:00,MSFT,2023-01-03,2023-01-10,mean_reversion,0.0,0.0,0.0,0.0,0.0,0.0,0.0018678228428571431,0.4696101285714286,0.017857142857142856,False,102.25105285644531,False
2025-09-13T15:53:40.447690+00:00,AAPL,2023-01-03,2023-01-10,mean_reversion,0.0,0.0,0.0,0.0,0.0,0.0,0.001022964130909091,0.48306548181818176,0.03636363636363636,False,104.89964485168457,False
2025-09-13T17:40:42.990424+00:00,GOOGL,2023-01-03,2023-01-10,mean_reversion,0.0,0.0,0.0,0.0,0.0,0.0,0.0,0.0,0.0,False,105.6067943572998,False
2025-09-13T17:40:43.094229+00:00,MSFT,2023-01-03,2023-01-10,mean_reversion,0.0,0.0,0.0,0.0,0.0,0.0,0.0,0.0,0.0,False,103.60836982727051,False
2025-09-13T17:40:43.197235+00:00,AAPL,2023-01-03,2023-01-10,mean_reversion,0.0,0.0,0.0,0.0,0.0,0.0,0.0,0.0,0.0,False,102.83374786376953,False
2025-09-13T17:41:18.255174+00:00,AAPL,2023-01-03,2023-01-10,mean_reversion,0.0,0.0,0.0,0.0,0.0,0.0,0.0,0.0,0.0,False,104.02560234069824,False
2025-09-13T17:41:18.358431+00:00,MSFT,2023-01-03,2023-01-10,mean_reversion,0.0,0.0,0.0,0.0,0.0,0.0,0.0,0.0,0.0,False,103.05452346801758,False
2025-09-13T17:42:11.304990+00:00,SYMBOL_000,2023-01-03,2023-01-10,mean_reversion,0.0,0.0,0.0,0.0,0.0,0.0,0.0,0.0,0.0,False,104.81762886047363,False
2025-09-13T17:42:11.408138+00:00,SYMBOL_001,2023-01-03,2023-01-10,mean_reversion,0.0,0.0,0.0,0.0,0.0,0.0,0.0,0.0,0.0,False,102.73981094360352,False
2025-09-13T17:42:11.512090+00:00,SYMBOL_002,2023-01-03,2023-01-10,mean_reversion,0.0,0.0,0.0,0.0,0.0,0.0,0.0,0.0,0.0,False,103.6221981048584,False
2025-09-13T17:42:11.615131+00:00,SYMBOL_003,2023-01-03,2023-01-10,mean_reversion,0.0,0.0,0.0,0.0,0.0,0.0,0.0,0.0,0.0,False,102.86974906921387,False
2025-09-13T17:42:11.718604+00:00,SYMBOL_004,2023-01-03,2023-01-10,mean_reversion,0.0,0.0,0.0,0.0,0.0,0.0,0.0,0.0,0.0,False,103.30653190612793,False
2025-09-13T17:42:11.821938+00:00,SYMBOL_005,2023-01-03,2023-01-10,mean_reversion,0.0,0.0,0.0,0.0,0.0,0.0,0.0,0.0,0.0,False,103.14321517944336,False
2025-09-13T17:42:11.924037+00:00,SYMBOL_006,2023-01-03,2023-01-10,mean_reversion,0.0,0.0,0.0,0.0,0.0,0.0,0.0,0.0,0.0,False,101.89962387084961,False
2025-09-13T17:42:12.027371+00:00,SYMBOL_007,2023-01-03,2023-01-10,mean_reversion,0.0,0.0,0.0,0.0,0.0,0.0,0.0,0.0,0.0,False,103.20591926574707,False
2025-09-13T17:42:12.131009+00:00,SYMBOL_008,2023-01-03,2023-01-10,mean_reversion,0.0,0.0,0.0,0.0,0.0,0.0,0.0,0.0,0.0,False,103.4555435180664,False
2025-09-13T17:42:12.233236+00:00,SYMBOL_009,2023-01-03,2023-01-10,mean_reversion,0.0,0.0,0.0,0.0,0.0,0.0,0.0,0.0,0.0,False,102.05888748168945,False
2025-09-13T17:42:12.336919+00:00,SYMBOL_010,2023-01-03,2023-01-10,mean_reversion,0.0,0.0,0.0,0.0,0.0,0.0,0.0,0.0,0.0,False,103.47175598144531,False
2025-09-13T17:42:12.440380+00:00,SYMBOL_011,2023-01-03,2023-01-10,mean_reversion,0.0,0.0,0.0,0.0,0.0,0.0,0.0,0.0,0.0,False,103.24239730834961,False
2025-09-13T17:42:12.542796+00:00,SYMBOL_012,2023-01-03,2023-01-10,mean_reversion,0.0,0.0,0.0,0.0,0.0,0.0,0.0,0.0,0.0,False,102.24795341491699,False
2025-09-13T17:42:12.646490+00:00,SYMBOL_013,2023-01-03,2023-01-10,mean_reversion,0.0,0.0,0.0,0.0,0.0,0.0,0.0,0.0,0.0,False,103.47533226013184,False
2025-09-13T17:42:12.749577+00:00,SYMBOL_014,2023-01-03,2023-01-10,mean_reversion,0.0,0.0,0.0,0.0,0.0,0.0,0.0,0.0,0.0,False,102.91767120361328,False
2025-09-13T17:42:12.853213+00:00,SYMBOL_015,2023-01-03,2023-01-10,mean_reversion,0.0,0.0,0.0,0.0,0.0,0.0,0.0,0.0,0.0,False,103.45458984375,False
2025-09-13T17:42:12.955674+00:00,SYMBOL_016,2023-01-03,2023-01-10,mean_reversion,0.0,0.0,0.0,0.0,0.0,0.0,0.0,0.0,0.0,False,102.2794246673584,False
2025-09-13T17:42:13.058452+00:00,SYMBOL_017,2023-01-03,2023-01-10,mean_reversion,0.0,0.0,0.0,0.0,0.0,0.0,0.0,0.0,0.0,False,102.63800621032715,False
2025-09-13T17:42:13.162284+00:00,SYMBOL_018,2023-01-03,2023-01-10,mean_reversion,0.0,0.0,0.0,0.0,0.0,0.0,0.0,0.0,0.0,False,103.61886024475098,False
2025-09-13T17:42:13.265546+00:00,SYMBOL_019,2023-01-03,2023-01-10,mean_reversion,0.0,0.0,0.0,0.0,0.0,0.0,0.0,0.0,0.0,False,103.06406021118164,False
2025-09-13T17:42:33.571620+00:00,AAPL,2023-01-03,2023-01-10,mean_reversion,0.0,0.0,0.0,0.0,0.0,0.0,0.0,0.0,0.0,False,104.16054725646973,False
2025-09-13T17:43:50.990047+00:00,GOOGL,2023-01-03,2023-01-10,mean_reversion,0.0,0.0,0.0,0.0,0.0,0.0,0.010156373333333338,0.3917288888888889,0.3333333333333333,False,104.35819625854492,False
2025-09-13T17:43:51.092780+00:00,MSFT,2023-01-03,2023-01-10,mean_reversion,0.0,0.0,0.0,0.0,0.0,0.0,0.0012319791642857146,0.47090765535714285,0.014285714285714287,False,102.52928733825684,False
2025-09-13T17:43:51.197044+00:00,AAPL,2023-01-03,2023-01-10,mean_reversion,0.0,0.0,0.0,0.0,0.0,0.0,0.0010163383854545455,0.4818505727272727,0.03636363636363636,False,103.86347770690918,False
2025-09-13T17:47:34.410790+00:00,GOOGL,2023-01-03,2023-01-10,mean_reversion,0.0,0.0,0.0,0.0,0.0,0.0,0.0,0.0,0.0,False,103.54137420654297,False
2025-09-13T17:47:34.513695+00:00,MSFT,2023-01-03,2023-01-10,mean_reversion,0.0,0.0,0.0,0.0,0.0,0.0,0.0,0.0,0.0,False,102.69737243652344,False
2025-09-13T17:47:34.617534+00:00,AAPL,2023-01-03,2023-01-10,mean_reversion,0.0,0.0,0.0,0.0,0.0,0.0,0.0,0.0,0.0,False,103.65724563598633,False
2025-09-13T17:48:10.000400+00:00,AAPL,2023-01-03,2023-01-10,mean_reversion,0.0,0.0,0.0,0.0,0.0,0.0,0.0,0.0,0.0,False,104.90036010742188,False
2025-09-13T17:48:10.105048+00:00,MSFT,2023-01-03,2023-01-10,mean_reversion,0.0,0.0,0.0,0.0,0.0,0.0,0.0,0.0,0.0,False,104.45523262023926,False
2025-09-13T17:49:03.554507+00:00,SYMBOL_000,2023-01-03,2023-01-10,mean_reversion,0.0,0.0,0.0,0.0,0.0,0.0,0.0,0.0,0.0,False,104.60662841796875,False
2025-09-13T17:49:03.657847+00:00,SYMBOL_001,2023-01-03,2023-01-10,mean_reversion,0.0,0.0,0.0,0.0,0.0,0.0,0.0,0.0,0.0,False,103.13034057617188,False
2025-09-13T17:49:03.761168+00:00,SYMBOL_002,2023-01-03,2023-01-10,mean_reversion,0.0,0.0,0.0,0.0,0.0,0.0,0.0,0.0,0.0,False,103.14249992370605,False
2025-09-13T17:49:03.864091+00:00,SYMBOL_003,2023-01-03,2023-01-10,mean_reversion,0.0,0.0,0.0,0.0,0.0,0.0,0.0,0.0,0.0,False,102.73313522338867,False
2025-09-13T17:49:03.967652+00:00,SYMBOL_004,2023-01-03,2023-01-10,mean_reversion,0.0,0.0,0.0,0.0,0.0,0.0,0.0,0.0,0.0,False,103.36828231811523,False
2025-09-13T17:49:04.071239+00:00,SYMBOL_005,2023-01-03,2023-01-10,mean_reversion,0.0,0.0,0.0,0.0,0.0,0.0,0.0,0.0,0.0,False,103.37352752685547,False
2025-09-13T17:49:04.174131+00:00,SYMBOL_006,2023-01-03,2023-01-10,mean_reversion,0.0,0.0,0.0,0.0,0.0,0.0,0.0,0.0,0.0,False,102.71120071411133,False
2025-09-13T17:49:04.276641+00:00,SYMBOL_007,2023-01-03,2023-01-10,mean_reversion,0.0,0.0,0.0,0.0,0.0,0.0,0.0,0.0,0.0,False,102.31208801269531,False
2025-09-13T17:49:04.380475+00:00,SYMBOL_008,2023-01-03,2023-01-10,mean_reversion,0.0,0.0,0.0,0.0,0.0,0.0,0.0,0.0,0.0,False,103.61599922180176,False
2025-09-13T17:49:04.484410+00:00,SYMBOL_009,2023-01-03,2023-01-10,mean_reversion,0.0,0.0,0.0,0.0,0.0,0.0,0.0,0.0,0.0,False,103.73497009277344,False
2025-09-13T17:49:04.587963+00:00,SYMBOL_010,2023-01-03,2023-01-10,mean_reversion,0.0,0.0,0.0,0.0,0.0,0.0,0.0,0.0,0.0,False,103.36685180664062,False
2025-09-13T17:49:04.690824+00:00,SYMBOL_011,2023-01-03,2023-01-10,mean_reversion,0.0,0.0,0.0,0.0,0.0,0.0,0.0,0.0,0.0,False,102.66828536987305,False
2025-09-13T17:49:04.794404+00:00,SYMBOL_012,2023-01-03,2023-01-10,mean_reversion,0.0,0.0,0.0,0.0,0.0,0.0,0.0,0.0,0.0,False,103.38664054870605,False
2025-09-13T17:49:04.897716+00:00,SYMBOL_013,2023-01-03,2023-01-10,mean_reversion,0.0,0.0,0.0,0.0,0.0,0.0,0.0,0.0,0.0,False,103.12008857727051,False
2025-09-13T17:49:05.000984+00:00,SYMBOL_014,2023-01-03,2023-01-10,mean_reversion,0.0,0.0,0.0,0.0,0.0,0.0,0.0,0.0,0.0,False,103.06477546691895,False
2025-09-13T17:49:05.104433+00:00,SYMBOL_015,2023-01-03,2023-01-10,mean_reversion,0.0,0.0,0.0,0.0,0.0,0.0,0.0,0.0,0.0,False,103.23715209960938,False
2025-09-13T17:49:05.207833+00:00,SYMBOL_016,2023-01-03,2023-01-10,mean_reversion,0.0,0.0,0.0,0.0,0.0,0.0,0.0,0.0,0.0,False,103.15632820129395,False
2025-09-13T17:49:05.311060+00:00,SYMBOL_017,2023-01-03,2023-01-10,mean_reversion,0.0,0.0,0.0,0.0,0.0,0.0,0.0,0.0,0.0,False,103.0435562133789,False
2025-09-13T17:49:05.413551+00:00,SYMBOL_018,2023-01-03,2023-01-10,mean_reversion,0.0,0.0,0.0,0.0,0.0,0.0,0.0,0.0,0.0,False,102.30374336242676,False
2025-09-13T17:49:05.516863+00:00,SYMBOL_019,2023-01-03,2023-01-10,mean_reversion,0.0,0.0,0.0,0.0,0.0,0.0,0.0,0.0,0.0,False,103.1341552734375,False
2025-09-13T17:49:25.291912+00:00,AAPL,2023-01-03,2023-01-10,mean_reversion,0.0,0.0,0.0,0.0,0.0,0.0,0.0,0.0,0.0,False,104.4156551361084,False
2025-09-13T17:50:42.760040+00:00,GOOGL,2023-01-03,2023-01-10,mean_reversion,0.0,0.0,0.0,0.0,0.0,0.0,0.010156373333333338,0.3917288888888889,0.3333333333333333,False,103.92451286315918,False
2025-09-13T17:50:42.862954+00:00,MSFT,2023-01-03,2023-01-10,mean_reversion,0.0,0.0,0.0,0.0,0.0,0.0,0.0012319791642857146,0.47090765535714285,0.014285714285714287,False,102.6620864868164,False
2025-09-13T17:50:42.966434+00:00,AAPL,2023-01-03,2023-01-10,mean_reversion,0.0,0.0,0.0,0.0,0.0,0.0,0.0010163383854545455,0.4818505727272727,0.03636363636363636,False,103.2559871673584,False
2025-09-13T17:53:59.572760+00:00,GOOGL,2023-01-03,2023-01-10,mean_reversion,0.0,0.0,0.0,0.0,0.0,0.0,0.0,0.0,0.0,False,104.36177253723145,False
2025-09-13T17:53:59.675895+00:00,MSFT,2023-01-03,2023-01-10,mean_reversion,0.0,0.0,0.0,0.0,0.0,0.0,0.0,0.0,0.0,False,102.90861129760742,False
2025-09-13T17:53:59.778897+00:00,AAPL,2023-01-03,2023-01-10,mean_reversion,0.0,0.0,0.0,0.0,0.0,0.0,0.0,0.0,0.0,False,102.45442390441895,False
2025-09-13T17:54:34.984678+00:00,AAPL,2023-01-03,2023-01-10,mean_reversion,0.0,0.0,0.0,0.0,0.0,0.0,0.0,0.0,0.0,False,103.5299301147461,False
2025-09-13T17:54:35.088379+00:00,MSFT,2023-01-03,2023-01-10,mean_reversion,0.0,0.0,0.0,0.0,0.0,0.0,0.0,0.0,0.0,False,103.44529151916504,False
2025-09-13T17:55:28.760647+00:00,SYMBOL_000,2023-01-03,2023-01-10,mean_reversion,0.0,0.0,0.0,0.0,0.0,0.0,0.0,0.0,0.0,False,103.92451286315918,False
2025-09-13T17:55:28.863818+00:00,SYMBOL_001,2023-01-03,2023-01-10,mean_reversion,0.0,0.0,0.0,0.0,0.0,0.0,0.0,0.0,0.0,False,102.91743278503418,False
2025-09-13T17:55:28.966738+00:00,SYMBOL_002,2023-01-03,2023-01-10,mean_reversion,0.0,0.0,0.0,0.0,0.0,0.0,0.0,0.0,0.0,False,102.7371883392334,False
2025-09-13T17:55:29.069339+00:00,SYMBOL_003,2023-01-03,2023-01-10,mean_reversion,0.0,0.0,0.0,0.0,0.0,0.0,0.0,0.0,0.0,False,102.39648818969727,False
2025-09-13T17:55:29.172106+00:00,SYMBOL_004,2023-01-03,2023-01-10,mean_reversion,0.0,0.0,0.0,0.0,0.0,0.0,0.0,0.0,0.0,False,102.54502296447754,False
2025-09-13T17:55:29.275083+00:00,SYMBOL_005,2023-01-03,2023-01-10,mean_reversion,0.0,0.0,0.0,0.0,0.0,0.0,0.0,0.0,0.0,False,102.79965400695801,False
2025-09-13T17:55:29.379237+00:00,SYMBOL_006,2023-01-03,2023-01-10,mean_reversion,0.0,0.0,0.0,0.0,0.0,0.0,0.0,0.0,0.0,False,103.96075248718262,False
2025-09-13T17:55:29.482227+00:00,SYMBOL_007,2023-01-03,2023-01-10,mean_reversion,0.0,0.0,0.0,0.0,0.0,0.0,0.0,0.0,0.0,False,102.7994155883789,False
2025-09-13T17:55:29.584273+00:00,SYMBOL_008,2023-01-03,2023-01-10,mean_reversion,0.0,0.0,0.0,0.0,0.0,0.0,0.0,0.0,0.0,False,101.86576843261719,False
2025-09-13T17:55:29.687844+00:00,SYMBOL_009,2023-01-03,2023-01-10,mean_reversion,0.0,0.0,0.0,0.0,0.0,0.0,0.0,0.0,0.0,False,103.40547561645508,False
2025-09-13T17:55:29.790617+00:00,SYMBOL_010,2023-01-03,2023-01-10,mean_reversion,0.0,0.0,0.0,0.0,0.0,0.0,0.0,0.0,0.0,False,102.57673263549805,False
2025-09-13T17:55:29.894915+00:00,SYMBOL_011,2023-01-03,2023-01-10,mean_reversion,0.0,0.0,0.0,0.0,0.0,0.0,0.0,0.0,0.0,False,104.14934158325195,False
2025-09-13T17:55:30.000103+00:00,SYMBOL_012,2023-01-03,2023-01-10,mean_reversion,0.0,0.0,0.0,0.0,0.0,0.0,0.0,0.0,0.0,False,104.95305061340332,False
2025-09-13T17:55:30.104180+00:00,SYMBOL_013,2023-01-03,2023-01-10,mean_reversion,0.0,0.0,0.0,0.0,0.0,0.0,0.0,0.0,0.0,False,103.90162467956543,False
2025-09-13T17:55:30.207458+00:00,SYMBOL_014,2023-01-03,2023-01-10,mean_reversion,0.0,0.0,0.0,0.0,0.0,0.0,0.0,0.0,0.0,False,103.0874252319336,False
2025-09-13T17:55:30.310898+00:00,SYMBOL_015,2023-01-03,2023-01-10,mean_reversion,0.0,0.0,0.0,0.0,0.0,0.0,0.0,0.0,0.0,False,103.23548316955566,False
2025-09-13T17:55:30.414359+00:00,SYMBOL_016,2023-01-03,2023-01-10,mean_reversion,0.0,0.0,0.0,0.0,0.0,0.0,0.0,0.0,0.0,False,103.24430465698242,False
2025-09-13T17:55:30.516891+00:00,SYMBOL_017,2023-01-03,2023-01-10,mean_reversion,0.0,0.0,0.0,0.0,0.0,0.0,0.0,0.0,0.0,False,102.34975814819336,False
2025-09-13T17:55:30.620950+00:00,SYMBOL_018,2023-01-03,2023-01-10,mean_reversion,0.0,0.0,0.0,0.0,0.0,0.0,0.0,0.0,0.0,False,103.89494895935059,False
2025-09-13T17:55:30.724694+00:00,SYMBOL_019,2023-01-03,2023-01-10,mean_reversion,0.0,0.0,0.0,0.0,0.0,0.0,0.0,0.0,0.0,False,103.55615615844727,False
2025-09-13T17:55:51.576784+00:00,AAPL,2023-01-03,2023-01-10,mean_reversion,0.0,0.0,0.0,0.0,0.0,0.0,0.0,0.0,0.0,False,104.2013168334961,False
2025-09-13T17:57:08.616532+00:00,GOOGL,2023-01-03,2023-01-10,mean_reversion,0.0,0.0,0.0,0.0,0.0,0.0,0.010156373333333338,0.3917288888888889,0.3333333333333333,False,104.29215431213379,False
2025-09-13T17:57:08.719429+00:00,MSFT,2023-01-03,2023-01-10,mean_reversion,0.0,0.0,0.0,0.0,0.0,0.0,0.0012319791642857146,0.47090765535714285,0.014285714285714287,False,102.70929336547852,False
2025-09-13T17:57:08.822480+00:00,AAPL,2023-01-03,2023-01-10,mean_reversion,0.0,0.0,0.0,0.0,0.0,0.0,0.0010163383854545455,0.4818505727272727,0.03636363636363636,False,102.83637046813965,False
2025-09-13T22:44:15.585431+00:00,GOOGL,2023-01-03,2023-01-10,mean_reversion,0.0,0.0,0.0,0.0,0.0,0.0,0.0,0.0,0.0,False,103.96289825439453,False
2025-09-13T22:44:15.688109+00:00,MSFT,2023-01-03,2023-01-10,mean_reversion,0.0,0.0,0.0,0.0,0.0,0.0,0.0,0.0,0.0,False,102.48351097106934,False
2025-09-13T22:44:15.791028+00:00,AAPL,2023-01-03,2023-01-10,mean_reversion,0.0,0.0,0.0,0.0,0.0,0.0,0.0,0.0,0.0,False,102.7379035949707,False
2025-09-13T22:44:50.740081+00:00,AAPL,2023-01-03,2023-01-10,mean_reversion,0.0,0.0,0.0,0.0,0.0,0.0,0.0,0.0,0.0,False,103.18636894226074,False
2025-09-13T22:44:50.843058+00:00,MSFT,2023-01-03,2023-01-10,mean_reversion,0.0,0.0,0.0,0.0,0.0,0.0,0.0,0.0,0.0,False,102.75793075561523,False
2025-09-13T22:45:43.247959+00:00,SYMBOL_000,2023-01-03,2023-01-10,mean_reversion,0.0,0.0,0.0,0.0,0.0,0.0,0.0,0.0,0.0,False,103.39975357055664,False
2025-09-13T22:45:43.351288+00:00,SYMBOL_001,2023-01-03,2023-01-10,mean_reversion,0.0,0.0,0.0,0.0,0.0,0.0,0.0,0.0,0.0,False,103.09290885925293,False
2025-09-13T22:45:43.453546+00:00,SYMBOL_002,2023-01-03,2023-01-10,mean_reversion,0.0,0.0,0.0,0.0,0.0,0.0,0.0,0.0,0.0,False,102.08821296691895,False
2025-09-13T22:45:43.555482+00:00,SYMBOL_003,2023-01-03,2023-01-10,mean_reversion,0.0,0.0,0.0,0.0,0.0,0.0,0.0,0.0,0.0,False,101.75848007202148,False
2025-09-13T22:45:43.658159+00:00,SYMBOL_004,2023-01-03,2023-01-10,mean_reversion,0.0,0.0,0.0,0.0,0.0,0.0,0.0,0.0,0.0,False,102.48184204101562,False
2025-09-13T22:45:43.761051+00:00,SYMBOL_005,2023-01-03,2023-01-10,mean_reversion,0.0,0.0,0.0,0.0,0.0,0.0,0.0,0.0,0.0,False,102.74052619934082,False
2025-09-13T22:45:43.863629+00:00,SYMBOL_006,2023-01-03,2023-01-10,mean_reversion,0.0,0.0,0.0,0.0,0.0,0.0,0.0,0.0,0.0,False,102.4162769317627,False
2025-09-13T22:45:43.966749+00:00,SYMBOL_007,2023-01-03,2023-01-10,mean_reversion,0.0,0.0,0.0,0.0,0.0,0.0,0.0,0.0,0.0,False,102.92434692382812,False
2025-09-13T22:45:44.069564+00:00,SYMBOL_008,2023-01-03,2023-01-10,mean_reversion,0.0,0.0,0.0,0.0,0.0,0.0,0.0,0.0,0.0,False,102.62560844421387,False
2025-09-13T22:45:44.171756+00:00,SYMBOL_009,2023-01-03,2023-01-10,mean_reversion,0.0,0.0,0.0,0.0,0.0,0.0,0.0,0.0,0.0,False,102.01597213745117,False
2025-09-13T22:45:44.274746+00:00,SYMBOL_010,2023-01-03,2023-01-10,mean_reversion,0.0,0.0,0.0,0.0,0.0,0.0,0.0,0.0,0.0,False,102.77128219604492,False
2025-09-13T22:45:44.377567+00:00,SYMBOL_011,2023-01-03,2023-01-10,mean_reversion,0.0,0.0,0.0,0.0,0.0,0.0,0.0,0.0,0.0,False,102.6468276977539,False
2025-09-13T22:45:44.479919+00:00,SYMBOL_012,2023-01-03,2023-01-10,mean_reversion,0.0,0.0,0.0,0.0,0.0,0.0,0.0,0.0,0.0,False,102.17809677124023,False
2025-09-13T22:45:44.582482+00:00,SYMBOL_013,2023-01-03,2023-01-10,mean_reversion,0.0,0.0,0.0,0.0,0.0,0.0,0.0,0.0,0.0,False,102.36096382141113,False
2025-09-13T22:45:44.685040+00:00,SYMBOL_014,2023-01-03,2023-01-10,mean_reversion,0.0,0.0,0.0,0.0,0.0,0.0,0.0,0.0,0.0,False,102.38218307495117,False
2025-09-13T22:45:44.787170+00:00,SYMBOL_015,2023-01-03,2023-01-10,mean_reversion,0.0,0.0,0.0,0.0,0.0,0.0,0.0,0.0,0.0,False,101.97925567626953,False
2025-09-13T22:45:44.889790+00:00,SYMBOL_016,2023-01-03,2023-01-10,mean_reversion,0.0,0.0,0.0,0.0,0.0,0.0,0.0,0.0,0.0,False,102.4484634399414,False
2025-09-13T22:45:44.992461+00:00,SYMBOL_017,2023-01-03,2023-01-10,mean_reversion,0.0,0.0,0.0,0.0,0.0,0.0,0.0,0.0,0.0,False,102.48422622680664,False
2025-09-13T22:45:45.095222+00:00,SYMBOL_018,2023-01-03,2023-01-10,mean_reversion,0.0,0.0,0.0,0.0,0.0,0.0,0.0,0.0,0.0,False,102.59318351745605,False
2025-09-13T22:45:45.198364+00:00,SYMBOL_019,2023-01-03,2023-01-10,mean_reversion,0.0,0.0,0.0,0.0,0.0,0.0,0.0,0.0,0.0,False,102.96320915222168,False
2025-09-13T22:46:05.759271+00:00,AAPL,2023-01-03,2023-01-10,mean_reversion,0.0,0.0,0.0,0.0,0.0,0.0,0.0,0.0,0.0,False,101.44639015197754,False
2025-09-13T22:47:48.383526+00:00,GOOGL,2023-01-03,2023-01-10,mean_reversion,0.0,0.0,0.0,0.0,0.0,0.0,0.012058200000000003,0.3555666666666667,0.0,False,104.26139831542969,False
2025-09-13T22:47:48.486684+00:00,MSFT,2023-01-03,2023-01-10,mean_reversion,0.0,0.0,0.0,0.0,0.0,0.0,0.001673843592857143,0.4694623446428572,0.02142857142857143,False,102.89549827575684,False
2025-09-13T22:47:48.588686+00:00,AAPL,2023-01-03,2023-01-10,mean_reversion,0.0,0.0,0.0,0.0,0.0,0.0,0.0005017110943396227,0.47929693710691823,0.018867924528301886,False,101.80020332336426,False
2025-09-14T07:49:03.466751+00:00,GOOGL,2023-01-03,2023-01-10,mean_reversion,0.0,0.0,0.0,0.0,0.0,0.0,0.0,0.0,0.0,False,102.77771949768066,False
2025-09-14T07:49:03.568498+00:00,MSFT,2023-01-03,2023-01-10,mean_reversion,0.0,0.0,0.0,0.0,0.0,0.0,0.0,0.0,0.0,False,101.63545608520508,False
2025-09-14T07:49:03.670582+00:00,AAPL,2023-01-03,2023-01-10,mean_reversion,0.0,0.0,0.0,0.0,0.0,0.0,0.0,0.0,0.0,False,102.0042896270752,False
2025-09-14T07:49:33.491043+00:00,AAPL,2023-01-03,2023-01-10,mean_reversion,0.0,0.0,0.0,0.0,0.0,0.0,0.0,0.0,0.0,False,104.92420196533203,False
2025-09-14T07:49:33.594615+00:00,MSFT,2023-01-03,2023-01-10,mean_reversion,0.0,0.0,0.0,0.0,0.0,0.0,0.0,0.0,0.0,False,103.33824157714844,False
2025-09-14T07:50:26.737795+00:00,SYMBOL_000,2023-01-03,2023-01-10,mean_reversion,0.0,0.0,0.0,0.0,0.0,0.0,0.0,0.0,0.0,False,104.94685173034668,False
2025-09-14T07:50:26.842789+00:00,SYMBOL_001,2023-01-03,2023-01-10,mean_reversion,0.0,0.0,0.0,0.0,0.0,0.0,0.0,0.0,0.0,False,104.74753379821777,False
2025-09-14T07:50:26.946488+00:00,SYMBOL_002,2023-01-03,2023-01-10,mean_reversion,0.0,0.0,0.0,0.0,0.0,0.0,0.0,0.0,0.0,False,103.5006046295166,False
2025-09-14T07:50:27.050029+00:00,SYMBOL_003,2023-01-03,2023-01-10,mean_reversion,0.0,0.0,0.0,0.0,0.0,0.0,0.0,0.0,0.0,False,102.7522087097168,False
2025-09-14T07:50:27.152694+00:00,SYMBOL_004,2023-01-03,2023-01-10,mean_reversion,0.0,0.0,0.0,0.0,0.0,0.0,0.0,0.0,0.0,False,102.52237319946289,False
2025-09-14T07:50:27.255656+00:00,SYMBOL_005,2023-01-03,2023-01-10,mean_reversion,0.0,0.0,0.0,0.0,0.0,0.0,0.0,0.0,0.0,False,102.7688980102539,False
2025-09-14T07:50:27.359993+00:00,SYMBOL_006,2023-01-03,2023-01-10,mean_reversion,0.0,0.0,0.0,0.0,0.0,0.0,0.0,0.0,0.0,False,103.515625,False
2025-09-14T07:50:27.463286+00:00,SYMBOL_007,2023-01-03,2023-01-10,mean_reversion,0.0,0.0,0.0,0.0,0.0,0.0,0.0,0.0,0.0,False,103.09648513793945,False
2025-09-14T07:50:27.567490+00:00,SYMBOL_008,2023-01-03,2023-01-10,mean_reversion,0.0,0.0,0.0,0.0,0.0,0.0,0.0,0.0,0.0,False,103.97863388061523,False
2025-09-14T07:50:27.670719+00:00,SYMBOL_009,2023-01-03,2023-01-10,mean_reversion,0.0,0.0,0.0,0.0,0.0,0.0,0.0,0.0,0.0,False,103.03306579589844,False
2025-09-14T07:50:27.774884+00:00,SYMBOL_010,2023-01-03,2023-01-10,mean_reversion,0.0,0.0,0.0,0.0,0.0,0.0,0.0,0.0,0.0,False,103.96885871887207,False
2025-09-14T07:50:27.878368+00:00,SYMBOL_011,2023-01-03,2023-01-10,mean_reversion,0.0,0.0,0.0,0.0,0.0,0.0,0.0,0.0,0.0,False,103.27696800231934,False
2025-09-14T07:50:27.981619+00:00,SYMBOL_012,2023-01-03,2023-01-10,mean_reversion,0.0,0.0,0.0,0.0,0.0,0.0,0.0,0.0,0.0,False,103.04427146911621,False
2025-09-14T07:50:28.084046+00:00,SYMBOL_013,2023-01-03,2023-01-10,mean_reversion,0.0,0.0,0.0,0.0,0.0,0.0,0.0,0.0,0.0,False,102.08296775817871,False
2025-09-14T07:50:28.186881+00:00,SYMBOL_014,2023-01-03,2023-01-10,mean_reversion,0.0,0.0,0.0,0.0,0.0,0.0,0.0,0.0,0.0,False,102.76293754577637,False
2025-09-14T07:50:28.291013+00:00,SYMBOL_015,2023-01-03,2023-01-10,mean_reversion,0.0,0.0,0.0,0.0,0.0,0.0,0.0,0.0,0.0,False,103.93857955932617,False
2025-09-14T07:50:28.393990+00:00,SYMBOL_016,2023-01-03,2023-01-10,mean_reversion,0.0,0.0,0.0,0.0,0.0,0.0,0.0,0.0,0.0,False,102.78511047363281,False
2025-09-14T07:50:28.497006+00:00,SYMBOL_017,2023-01-03,2023-01-10,mean_reversion,0.0,0.0,0.0,0.0,0.0,0.0,0.0,0.0,0.0,False,102.8604507446289,False
2025-09-14T07:50:28.600405+00:00,SYMBOL_018,2023-01-03,2023-01-10,mean_reversion,0.0,0.0,0.0,0.0,0.0,0.0,0.0,0.0,0.0,False,103.14249992370605,False
2025-09-14T07:50:28.704001+00:00,SYMBOL_019,2023-01-03,2023-01-10,mean_reversion,0.0,0.0,0.0,0.0,0.0,0.0,0.0,0.0,0.0,False,103.41715812683105,False
2025-09-14T07:50:43.641725+00:00,AAPL,2023-01-03,2023-01-10,mean_reversion,0.0,0.0,0.0,0.0,0.0,0.0,0.0,0.0,0.0,False,105.29375076293945,False
2025-09-14T07:52:07.223623+00:00,GOOGL,2023-01-03,2023-01-10,mean_reversion,0.0,0.0,0.0,0.0,0.0,0.0,0.0324,0.41666666666666663,0.0,False,104.54225540161133,False
2025-09-14T07:52:07.327253+00:00,MSFT,2023-01-03,2023-01-10,mean_reversion,0.0,0.0,0.0,0.0,0.0,0.0,0.001843211635714286,0.4693044291666667,0.024999999999999998,False,103.32798957824707,False
2025-09-14T07:52:07.430645+00:00,AAPL,2023-01-03,2023-01-10,mean_reversion,0.0,0.0,0.0,0.0,0.0,0.0,0.00035185515384615385,0.4778268717948718,0.019230769230769232,False,103.18779945373535,False
2025-09-14T07:57:35.713092+00:00,GOOGL,2023-01-03,2023-01-10,mean_reversion,0.0,0.0,0.0,0.0,0.0,0.0,0.0,0.0,0.0,False,104.70724105834961,False
2025-09-14T07:57:35.817022+00:00,MSFT,2023-01-03,2023-01-10,mean_reversion,0.0,0.0,0.0,0.0,0.0,0.0,0.0,0.0,0.0,False,103.73663902282715,False
2025-09-14T07:57:35.920372+00:00,AAPL,2023-01-03,2023-01-10,mean_reversion,0.0,0.0,0.0,0.0,0.0,0.0,0.0,0.0,0.0,False,103.18207740783691,False
2025-09-14T07:59:35.620148+00:00,GOOGL,2023-01-03,2023-01-10,mean_reversion,0.0,0.0,0.0,0.0,0.0,0.0,0.0,0.0,0.0,False,105.59964179992676,False
2025-09-14T07:59:35.722860+00:00,MSFT,2023-01-03,2023-01-10,mean_reversion,0.0,0.0,0.0,0.0,0.0,0.0,0.0,0.0,0.0,False,102.49900817871094,False
2025-09-14T07:59:35.826754+00:00,AAPL,2023-01-03,2023-01-10,mean_reversion,0.0,0.0,0.0,0.0,0.0,0.0,0.0,0.0,0.0,False,103.70469093322754,False
2025-09-14T08:02:04.411133+00:00,GOOGL,2023-01-03,2023-01-10,mean_reversion,0.0,0.0,0.0,0.0,0.0,0.0,0.0,0.0,0.0,False,103.89184951782227,False
2025-09-14T08:02:04.514186+00:00,MSFT,2023-01-03,2023-01-10,mean_reversion,0.0,0.0,0.0,0.0,0.0,0.0,0.0,0.0,0.0,False,102.91719436645508,False
2025-09-14T08:02:04.617114+00:00,AAPL,2023-01-03,2023-01-10,mean_reversion,0.0,0.0,0.0,0.0,0.0,0.0,0.0,0.0,0.0,False,102.75745391845703,False
2025-09-14T08:02:34.319980+00:00,AAPL,2023-01-03,2023-01-10,mean_reversion,0.0,0.0,0.0,0.0,0.0,0.0,0.0,0.0,0.0,False,103.07431221008301,False
2025-09-14T08:02:34.421556+00:00,MSFT,2023-01-03,2023-01-10,mean_reversion,0.0,0.0,0.0,0.0,0.0,0.0,0.0,0.0,0.0,False,101.4852523803711,False
2025-09-14T08:03:27.306321+00:00,SYMBOL_000,2023-01-03,2023-01-10,mean_reversion,0.0,0.0,0.0,0.0,0.0,0.0,0.0,0.0,0.0,False,104.43329811096191,False
2025-09-14T08:03:27.409545+00:00,SYMBOL_001,2023-01-03,2023-01-10,mean_reversion,0.0,0.0,0.0,0.0,0.0,0.0,0.0,0.0,0.0,False,102.99324989318848,False
2025-09-14T08:03:27.512979+00:00,SYMBOL_002,2023-01-03,2023-01-10,mean_reversion,0.0,0.0,0.0,0.0,0.0,0.0,0.0,0.0,0.0,False,103.36947441101074,False
2025-09-14T08:03:27.616306+00:00,SYMBOL_003,2023-01-03,2023-01-10,mean_reversion,0.0,0.0,0.0,0.0,0.0,0.0,0.0,0.0,0.0,False,103.12151908874512,False
2025-09-14T08:03:27.719456+00:00,SYMBOL_004,2023-01-03,2023-01-10,mean_reversion,0.0,0.0,0.0,0.0,0.0,0.0,0.0,0.0,0.0,False,102.92935371398926,False
2025-09-14T08:03:27.822592+00:00,SYMBOL_005,2023-01-03,2023-01-10,mean_reversion,0.0,0.0,0.0,0.0,0.0,0.0,0.0,0.0,0.0,False,102.94675827026367,False
2025-09-14T08:03:27.927465+00:00,SYMBOL_006,2023-01-03,2023-01-10,mean_reversion,0.0,0.0,0.0,0.0,0.0,0.0,0.0,0.0,0.0,False,104.6903133392334,False
2025-09-14T08:03:28.030949+00:00,SYMBOL_007,2023-01-03,2023-01-10,mean_reversion,0.0,0.0,0.0,0.0,0.0,0.0,0.0,0.0,0.0,False,103.29079627990723,False
2025-09-14T08:03:28.135218+00:00,SYMBOL_008,2023-01-03,2023-01-10,mean_reversion,0.0,0.0,0.0,0.0,0.0,0.0,0.0,0.0,0.0,False,104.08616065979004,False
2025-09-14T08:03:28.239191+00:00,SYMBOL_009,2023-01-03,2023-01-10,mean_reversion,0.0,0.0,0.0,0.0,0.0,0.0,0.0,0.0,0.0,False,103.76524925231934,False
2025-09-14T08:03:28.343589+00:00,SYMBOL_010,2023-01-03,2023-01-10,mean_reversion,0.0,0.0,0.0,0.0,0.0,0.0,0.0,0.0,0.0,False,104.20012474060059,False
2025-09-14T08:03:28.445883+00:00,SYMBOL_011,2023-01-03,2023-01-10,mean_reversion,0.0,0.0,0.0,0.0,0.0,0.0,0.0,0.0,0.0,False,102.0970344543457,False
2025-09-14T08:03:28.548621+00:00,SYMBOL_012,2023-01-03,2023-01-10,mean_reversion,0.0,0.0,0.0,0.0,0.0,0.0,0.0,0.0,0.0,False,102.66327857971191,False
2025-09-14T08:03:28.653568+00:00,SYMBOL_013,2023-01-03,2023-01-10,mean_reversion,0.0,0.0,0.0,0.0,0.0,0.0,0.0,0.0,0.0,False,104.65502738952637,False
2025-09-14T08:03:28.756670+00:00,SYMBOL_014,2023-01-03,2023-01-10,mean_reversion,0.0,0.0,0.0,0.0,0.0,0.0,0.0,0.0,0.0,False,102.91481018066406,False
2025-09-14T08:03:28.861262+00:00,SYMBOL_015,2023-01-03,2023-01-10,mean_reversion,0.0,0.0,0.0,0.0,0.0,0.0,0.0,0.0,0.0,False,104.19011116027832,False
2025-09-14T08:03:28.964399+00:00,SYMBOL_016,2023-01-03,2023-01-10,mean_reversion,0.0,0.0,0.0,0.0,0.0,0.0,0.0,0.0,0.0,False,102.94055938720703,False
2025-09-14T08:03:29.068233+00:00,SYMBOL_017,2023-01-03,2023-01-10,mean_reversion,0.0,0.0,0.0,0.0,0.0,0.0,0.0,0.0,0.0,False,103.64246368408203,False
2025-09-14T08:03:29.172273+00:00,SYMBOL_018,2023-01-03,2023-01-10,mean_reversion,0.0,0.0,0.0,0.0,0.0,0.0,0.0,0.0,0.0,False,103.85322570800781,False
2025-09-14T08:03:29.276717+00:00,SYMBOL_019,2023-01-03,2023-01-10,mean_reversion,0.0,0.0,0.0,0.0,0.0,0.0,0.0,0.0,0.0,False,104.25066947937012,False
2025-09-14T08:03:44.669395+00:00,AAPL,2023-01-03,2023-01-10,mean_reversion,0.0,0.0,0.0,0.0,0.0,0.0,0.0,0.0,0.0,False,102.79107093811035,False
2025-09-14T08:06:28.512211+00:00,GOOGL,2023-01-03,2023-01-10,mean_reversion,0.0,0.0,0.0,0.0,0.0,0.0,0.0,0.0,0.0,False,104.78925704956055,False
2025-09-14T08:06:28.614855+00:00,MSFT,2023-01-03,2023-01-10,mean_reversion,0.0,0.0,0.0,0.0,0.0,0.0,0.0,0.0,0.0,False,102.44417190551758,False
2025-09-14T08:06:28.719624+00:00,AAPL,2023-01-03,2023-01-10,mean_reversion,0.0,0.0,0.0,0.0,0.0,0.0,0.0,0.0,0.0,False,104.57754135131836,False
2025-09-14T08:06:58.380022+00:00,AAPL,2023-01-03,2023-01-10,mean_reversion,0.0,0.0,0.0,0.0,0.0,0.0,0.0,0.0,0.0,False,104.63500022888184,False
2025-09-14T08:06:58.484302+00:00,MSFT,2023-01-03,2023-01-10,mean_reversion,0.0,0.0,0.0,0.0,0.0,0.0,0.0,0.0,0.0,False,104.02250289916992,False
2025-09-14T08:07:50.497671+00:00,SYMBOL_000,2023-01-03,2023-01-10,mean_reversion,0.0,0.0,0.0,0.0,0.0,0.0,0.0,0.0,0.0,False,103.96504402160645,False
2025-09-14T08:07:50.600948+00:00,SYMBOL_001,2023-01-03,2023-01-10,mean_reversion,0.0,0.0,0.0,0.0,0.0,0.0,0.0,0.0,0.0,False,103.10959815979004,False
2025-09-14T08:07:50.704482+00:00,SYMBOL_002,2023-01-03,2023-01-10,mean_reversion,0.0,0.0,0.0,0.0,0.0,0.0,0.0,0.0,0.0,False,103.35707664489746,False
2025-09-14T08:07:50.807588+00:00,SYMBOL_003,2023-01-03,2023-01-10,mean_reversion,0.0,0.0,0.0,0.0,0.0,0.0,0.0,0.0,0.0,False,102.9200553894043,False
2025-09-14T08:07:50.912449+00:00,SYMBOL_004,2023-01-03,2023-01-10,mean_reversion,0.0,0.0,0.0,0.0,0.0,0.0,0.0,0.0,0.0,False,104.55322265625,False
2025-09-14T08:07:51.015354+00:00,SYMBOL_005,2023-01-03,2023-01-10,mean_reversion,0.0,0.0,0.0,0.0,0.0,0.0,0.0,0.0,0.0,False,102.72216796875,False
2025-09-14T08:07:51.119896+00:00,SYMBOL_006,2023-01-03,2023-01-10,mean_reversion,0.0,0.0,0.0,0.0,0.0,0.0,0.0,0.0,0.0,False,104.19940948486328,False
2025-09-14T08:07:51.223019+00:00,SYMBOL_007,2023-01-03,2023-01-10,mean_reversion,0.0,0.0,0.0,0.0,0.0,0.0,0.0,0.0,0.0,False,102.9667854309082,False
2025-09-14T08:07:51.326077+00:00,SYMBOL_008,2023-01-03,2023-01-10,mean_reversion,0.0,0.0,0.0,0.0,0.0,0.0,0.0,0.0,0.0,False,102.88214683532715,False
2025-09-14T08:07:51.429594+00:00,SYMBOL_009,2023-01-03,2023-01-10,mean_reversion,0.0,0.0,0.0,0.0,0.0,0.0,0.0,0.0,0.0,False,103.42001914978027,False
2025-09-14T08:07:51.532505+00:00,SYMBOL_010,2023-01-03,2023-01-10,mean_reversion,0.0,0.0,0.0,0.0,0.0,0.0,0.0,0.0,0.0,False,102.71286964416504,False
2025-09-14T08:07:51.636520+00:00,SYMBOL_011,2023-01-03,2023-01-10,mean_reversion,0.0,0.0,0.0,0.0,0.0,0.0,0.0,0.0,0.0,False,103.61099243164062,False
2025-09-14T08:07:51.739559+00:00,SYMBOL_012,2023-01-03,2023-01-10,mean_reversion,0.0,0.0,0.0,0.0,0.0,0.0,0.0,0.0,0.0,False,102.91504859924316,False
2025-09-14T08:07:51.842534+00:00,SYMBOL_013,2023-01-03,2023-01-10,mean_reversion,0.0,0.0,0.0,0.0,0.0,0.0,0.0,0.0,0.0,False,102.79703140258789,False
2025-09-14T08:07:51.945786+00:00,SYMBOL_014,2023-01-03,2023-01-10,mean_reversion,0.0,0.0,0.0,0.0,0.0,0.0,0.0,0.0,0.0,False,103.11627388000488,False
2025-09-14T08:07:52.048505+00:00,SYMBOL_015,2023-01-03,2023-01-10,mean_reversion,0.0,0.0,0.0,0.0,0.0,0.0,0.0,0.0,0.0,False,102.55670547485352,False
2025-09-14T08:07:52.153006+00:00,SYMBOL_016,2023-01-03,2023-01-10,mean_reversion,0.0,0.0,0.0,0.0,0.0,0.0,0.0,0.0,0.0,False,104.2485237121582,False
2025-09-14T08:07:52.256722+00:00,SYMBOL_017,2023-01-03,2023-01-10,mean_reversion,0.0,0.0,0.0,0.0,0.0,0.0,0.0,0.0,0.0,False,103.51920127868652,False
2025-09-14T08:07:52.359349+00:00,SYMBOL_018,2023-01-03,2023-01-10,mean_reversion,0.0,0.0,0.0,0.0,0.0,0.0,0.0,0.0,0.0,False,102.46849060058594,False
2025-09-14T08:07:52.461885+00:00,SYMBOL_019,2023-01-03,2023-01-10,mean_reversion,0.0,0.0,0.0,0.0,0.0,0.0,0.0,0.0,0.0,False,102.45490074157715,False
2025-09-14T08:08:06.919626+00:00,AAPL,2023-01-03,2023-01-10,mean_reversion,0.0,0.0,0.0,0.0,0.0,0.0,0.0,0.0,0.0,False,104.71343994140625,False
2025-09-14T08:11:39.553742+00:00,GOOGL,2023-01-03,2023-01-10,mean_reversion,0.0,0.0,0.0,0.0,0.0,0.0,0.0,0.0,0.0,False,103.2717227935791,False
2025-09-14T08:11:39.655523+00:00,MSFT,2023-01-03,2023-01-10,mean_reversion,0.0,0.0,0.0,0.0,0.0,0.0,0.0,0.0,0.0,False,101.63426399230957,False
2025-09-14T08:11:39.758672+00:00,AAPL,2023-01-03,2023-01-10,mean_reversion,0.0,0.0,0.0,0.0,0.0,0.0,0.0,0.0,0.0,False,103.07097434997559,False
2025-09-14T08:12:08.757356+00:00,AAPL,2023-01-03,2023-01-10,mean_reversion,0.0,0.0,0.0,0.0,0.0,0.0,0.0,0.0,0.0,False,102.36167907714844,False
2025-09-14T08:12:08.859817+00:00,MSFT,2023-01-03,2023-01-10,mean_reversion,0.0,0.0,0.0,0.0,0.0,0.0,0.0,0.0,0.0,False,102.3561954498291,False
2025-09-14T08:13:00.299855+00:00,SYMBOL_000,2023-01-03,2023-01-10,mean_reversion,0.0,0.0,0.0,0.0,0.0,0.0,0.0,0.0,0.0,False,104.15410995483398,False
2025-09-14T08:13:00.404291+00:00,SYMBOL_001,2023-01-03,2023-01-10,mean_reversion,0.0,0.0,0.0,0.0,0.0,0.0,0.0,0.0,0.0,False,104.02345657348633,False
2025-09-14T08:13:00.507363+00:00,SYMBOL_002,2023-01-03,2023-01-10,mean_reversion,0.0,0.0,0.0,0.0,0.0,0.0,0.0,0.0,0.0,False,102.89859771728516,False
2025-09-14T08:13:00.612438+00:00,SYMBOL_003,2023-01-03,2023-01-10,mean_reversion,0.0,0.0,0.0,0.0,0.0,0.0,0.0,0.0,0.0,False,104.88152503967285,False
2025-09-14T08:13:00.715595+00:00,SYMBOL_004,2023-01-03,2023-01-10,mean_reversion,0.0,0.0,0.0,0.0,0.0,0.0,0.0,0.0,0.0,False,102.96082496643066,False
2025-09-14T08:13:00.818133+00:00,SYMBOL_005,2023-01-03,2023-01-10,mean_reversion,0.0,0.0,0.0,0.0,0.0,0.0,0.0,0.0,0.0,False,102.34737396240234,False
2025-09-14T08:13:00.921204+00:00,SYMBOL_006,2023-01-03,2023-01-10,mean_reversion,0.0,0.0,0.0,0.0,0.0,0.0,0.0,0.0,0.0,False,102.99396514892578,False
2025-09-14T08:13:01.024447+00:00,SYMBOL_007,2023-01-03,2023-01-10,mean_reversion,0.0,0.0,0.0,0.0,0.0,0.0,0.0,0.0,0.0,False,103.04689407348633,False
2025-09-14T08:13:01.128277+00:00,SYMBOL_008,2023-01-03,2023-01-10,mean_reversion,0.0,0.0,0.0,0.0,0.0,0.0,0.0,0.0,0.0,False,103.64818572998047,False
2025-09-14T08:13:01.231713+00:00,SYMBOL_009,2023-01-03,2023-01-10,mean_reversion,0.0,0.0,0.0,0.0,0.0,0.0,0.0,0.0,0.0,False,103.26790809631348,False
2025-09-14T08:13:01.335990+00:00,SYMBOL_010,2023-01-03,2023-01-10,mean_reversion,0.0,0.0,0.0,0.0,0.0,0.0,0.0,0.0,0.0,False,104.08139228820801,False
2025-09-14T08:13:01.439612+00:00,SYMBOL_011,2023-01-03,2023-01-10,mean_reversion,0.0,0.0,0.0,0.0,0.0,0.0,0.0,0.0,0.0,False,103.42669486999512,False
2025-09-14T08:13:01.543822+00:00,SYMBOL_012,2023-01-03,2023-01-10,mean_reversion,0.0,0.0,0.0,0.0,0.0,0.0,0.0,0.0,0.0,False,104.02870178222656,False
2025-09-14T08:13:01.646995+00:00,SYMBOL_013,2023-01-03,2023-01-10,mean_reversion,0.0,0.0,0.0,0.0,0.0,0.0,0.0,0.0,0.0,False,102.98514366149902,False
2025-09-14T08:13:01.750492+00:00,SYMBOL_014,2023-01-03,2023-01-10,mean_reversion,0.0,0.0,0.0,0.0,0.0,0.0,0.0,0.0,0.0,False,103.35659980773926,False
2025-09-14T08:13:01.853342+00:00,SYMBOL_015,2023-01-03,2023-01-10,mean_reversion,0.0,0.0,0.0,0.0,0.0,0.0,0.0,0.0,0.0,False,102.60486602783203,False
2025-09-14T08:13:01.955558+00:00,SYMBOL_016,2023-01-03,2023-01-10,mean_reversion,0.0,0.0,0.0,0.0,0.0,0.0,0.0,0.0,0.0,False,102.13160514831543,False
2025-09-14T08:13:02.058557+00:00,SYMBOL_017,2023-01-03,2023-01-10,mean_reversion,0.0,0.0,0.0,0.0,0.0,0.0,0.0,0.0,0.0,False,102.82731056213379,False
2025-09-14T08:13:02.162829+00:00,SYMBOL_018,2023-01-03,2023-01-10,mean_reversion,0.0,0.0,0.0,0.0,0.0,0.0,0.0,0.0,0.0,False,104.04253005981445,False
2025-09-14T08:13:02.265451+00:00,SYMBOL_019,2023-01-03,2023-01-10,mean_reversion,0.0,0.0,0.0,0.0,0.0,0.0,0.0,0.0,0.0,False,102.42795944213867,False
2025-09-14T08:13:16.872064+00:00,AAPL,2023-01-03,2023-01-10,mean_reversion,0.0,0.0,0.0,0.0,0.0,0.0,0.0,0.0,0.0,False,105.63373565673828,False
2025-09-14T08:33:52.379368+00:00,GOOGL,2023-01-03,2023-01-10,mean_reversion,0.0,0.0,0.0,0.0,0.0,0.0,0.0,0.0,0.0,False,104.09140586853027,False
2025-09-14T08:33:52.483259+00:00,MSFT,2023-01-03,2023-01-10,mean_reversion,0.0,0.0,0.0,0.0,0.0,0.0,0.0,0.0,0.0,False,103.6231517791748,False
2025-09-14T08:33:52.586320+00:00,AAPL,2023-01-03,2023-01-10,mean_reversion,0.0,0.0,0.0,0.0,0.0,0.0,0.0,0.0,0.0,False,102.82778739929199,False
2025-09-14T08:34:22.167896+00:00,AAPL,2023-01-03,2023-01-10,mean_reversion,0.0,0.0,0.0,0.0,0.0,0.0,0.0,0.0,0.0,False,105.42821884155273,False
2025-09-14T08:34:22.273198+00:00,MSFT,2023-01-03,2023-01-10,mean_reversion,0.0,0.0,0.0,0.0,0.0,0.0,0.0,0.0,0.0,False,105.04579544067383,False
2025-09-14T08:35:14.742953+00:00,SYMBOL_000,2023-01-03,2023-01-10,mean_reversion,0.0,0.0,0.0,0.0,0.0,0.0,0.0,0.0,0.0,False,106.33540153503418,False
2025-09-14T08:35:14.847616+00:00,SYMBOL_001,2023-01-03,2023-01-10,mean_reversion,0.0,0.0,0.0,0.0,0.0,0.0,0.0,0.0,0.0,False,104.45165634155273,False
2025-09-14T08:35:14.950110+00:00,SYMBOL_002,2023-01-03,2023-01-10,mean_reversion,0.0,0.0,0.0,0.0,0.0,0.0,0.0,0.0,0.0,False,102.30207443237305,False
2025-09-14T08:35:15.053274+00:00,SYMBOL_003,2023-01-03,2023-01-10,mean_reversion,0.0,0.0,0.0,0.0,0.0,0.0,0.0,0.0,0.0,False,102.99372673034668,False
2025-09-14T08:35:15.158451+00:00,SYMBOL_004,2023-01-03,2023-01-10,mean_reversion,0.0,0.0,0.0,0.0,0.0,0.0,0.0,0.0,0.0,False,104.93850708007812,False
2025-09-14T08:35:15.261789+00:00,SYMBOL_005,2023-01-03,2023-01-10,mean_reversion,0.0,0.0,0.0,0.0,0.0,0.0,0.0,0.0,0.0,False,103.13606262207031,False
2025-09-14T08:35:15.366224+00:00,SYMBOL_006,2023-01-03,2023-01-10,mean_reversion,0.0,0.0,0.0,0.0,0.0,0.0,0.0,0.0,0.0,False,104.17318344116211,False
2025-09-14T08:35:15.469237+00:00,SYMBOL_007,2023-01-03,2023-01-10,mean_reversion,0.0,0.0,0.0,0.0,0.0,0.0,0.0,0.0,0.0,False,102.82135009765625,False
2025-09-14T08:35:15.573454+00:00,SYMBOL_008,2023-01-03,2023-01-10,mean_reversion,0.0,0.0,0.0,0.0,0.0,0.0,0.0,0.0,0.0,False,104.01606559753418,False
2025-09-14T08:35:15.676587+00:00,SYMBOL_009,2023-01-03,2023-01-10,mean_reversion,0.0,0.0,0.0,0.0,0.0,0.0,0.0,0.0,0.0,False,102.9963493347168,False
2025-09-14T08:35:15.779397+00:00,SYMBOL_010,2023-01-03,2023-01-10,mean_reversion,0.0,0.0,0.0,0.0,0.0,0.0,0.0,0.0,0.0,False,102.61416435241699,False
2025-09-14T08:35:15.881929+00:00,SYMBOL_011,2023-01-03,2023-01-10,mean_reversion,0.0,0.0,0.0,0.0,0.0,0.0,0.0,0.0,0.0,False,102.37526893615723,False
2025-09-14T08:35:15.984771+00:00,SYMBOL_012,2023-01-03,2023-01-10,mean_reversion,0.0,0.0,0.0,0.0,0.0,0.0,0.0,0.0,0.0,False,102.73981094360352,False
2025-09-14T08:35:16.087371+00:00,SYMBOL_013,2023-01-03,2023-01-10,mean_reversion,0.0,0.0,0.0,0.0,0.0,0.0,0.0,0.0,0.0,False,102.52952575683594,False
2025-09-14T08:35:16.189464+00:00,SYMBOL_014,2023-01-03,2023-01-10,mean_reversion,0.0,0.0,0.0,0.0,0.0,0.0,0.0,0.0,0.0,False,101.96161270141602,False
2025-09-14T08:35:16.291594+00:00,SYMBOL_015,2023-01-03,2023-01-10,mean_reversion,0.0,0.0,0.0,0.0,0.0,0.0,0.0,0.0,0.0,False,102.06723213195801,False
2025-09-14T08:35:16.394683+00:00,SYMBOL_016,2023-01-03,2023-01-10,mean_reversion,0.0,0.0,0.0,0.0,0.0,0.0,0.0,0.0,0.0,False,102.9665470123291,False
2025-09-14T08:35:16.498491+00:00,SYMBOL_017,2023-01-03,2023-01-10,mean_reversion,0.0,0.0,0.0,0.0,0.0,0.0,0.0,0.0,0.0,False,103.58095169067383,False
2025-09-14T08:35:16.602312+00:00,SYMBOL_018,2023-01-03,2023-01-10,mean_reversion,0.0,0.0,0.0,0.0,0.0,0.0,0.0,0.0,0.0,False,103.66702079772949,False
2025-09-14T08:35:16.706975+00:00,SYMBOL_019,2023-01-03,2023-01-10,mean_reversion,0.0,0.0,0.0,0.0,0.0,0.0,0.0,0.0,0.0,False,104.47883605957031,False
2025-09-14T08:35:31.421457+00:00,AAPL,2023-01-03,2023-01-10,mean_reversion,0.0,0.0,0.0,0.0,0.0,0.0,0.0,0.0,0.0,False,104.48431968688965,False
2025-09-14T08:38:34.367807+00:00,GOOGL,2023-01-03,2023-01-10,mean_reversion,0.0,0.0,0.0,0.0,0.0,0.0,0.0,0.0,0.0,False,106.53018951416016,False
2025-09-14T08:38:34.471648+00:00,MSFT,2023-01-03,2023-01-10,mean_reversion,0.0,0.0,0.0,0.0,0.0,0.0,0.0,0.0,0.0,False,103.59716415405273,False
2025-09-14T08:38:34.575954+00:00,AAPL,2023-01-03,2023-01-10,mean_reversion,0.0,0.0,0.0,0.0,0.0,0.0,0.0,0.0,0.0,False,104.0506362915039,False
2025-09-14T08:39:04.193792+00:00,AAPL,2023-01-03,2023-01-10,mean_reversion,0.0,0.0,0.0,0.0,0.0,0.0,0.0,0.0,0.0,False,102.9665470123291,False
2025-09-14T08:39:04.297586+00:00,MSFT,2023-01-03,2023-01-10,mean_reversion,0.0,0.0,0.0,0.0,0.0,0.0,0.0,0.0,0.0,False,103.61242294311523,False
2025-09-14T08:39:57.356707+00:00,SYMBOL_000,2023-01-03,2023-01-10,mean_reversion,0.0,0.0,0.0,0.0,0.0,0.0,0.0,0.0,0.0,False,104.93040084838867,False
2025-09-14T08:39:57.460264+00:00,SYMBOL_001,2023-01-03,2023-01-10,mean_reversion,0.0,0.0,0.0,0.0,0.0,0.0,0.0,0.0,0.0,False,103.3473014831543,False
2025-09-14T08:39:57.564313+00:00,SYMBOL_002,2023-01-03,2023-01-10,mean_reversion,0.0,0.0,0.0,0.0,0.0,0.0,0.0,0.0,0.0,False,103.84964942932129,False
2025-09-14T08:39:57.667893+00:00,SYMBOL_003,2023-01-03,2023-01-10,mean_reversion,0.0,0.0,0.0,0.0,0.0,0.0,0.0,0.0,0.0,False,103.42979431152344,False
2025-09-14T08:39:57.770994+00:00,SYMBOL_004,2023-01-03,2023-01-10,mean_reversion,0.0,0.0,0.0,0.0,0.0,0.0,0.0,0.0,0.0,False,102.9202938079834,False
2025-09-14T08:39:57.875190+00:00,SYMBOL_005,2023-01-03,2023-01-10,mean_reversion,0.0,0.0,0.0,0.0,0.0,0.0,0.0,0.0,0.0,False,103.96647453308105,False
2025-09-14T08:39:57.978732+00:00,SYMBOL_006,2023-01-03,2023-01-10,mean_reversion,0.0,0.0,0.0,0.0,0.0,0.0,0.0,0.0,0.0,False,103.3480167388916,False
2025-09-14T08:39:58.083535+00:00,SYMBOL_007,2023-01-03,2023-01-10,mean_reversion,0.0,0.0,0.0,0.0,0.0,0.0,0.0,0.0,0.0,False,104.56991195678711,False
2025-09-14T08:39:58.185788+00:00,SYMBOL_008,2023-01-03,2023-01-10,mean_reversion,0.0,0.0,0.0,0.0,0.0,0.0,0.0,0.0,0.0,False,102.05912590026855,False
2025-09-14T08:39:58.288977+00:00,SYMBOL_009,2023-01-03,2023-01-10,mean_reversion,0.0,0.0,0.0,0.0,0.0,0.0,0.0,0.0,0.0,False,103.07168960571289,False
2025-09-14T08:39:58.391463+00:00,SYMBOL_010,2023-01-03,2023-01-10,mean_reversion,0.0,0.0,0.0,0.0,0.0,0.0,0.0,0.0,0.0,False,102.35190391540527,False
2025-09-14T08:39:58.494498+00:00,SYMBOL_011,2023-01-03,2023-01-10,mean_reversion,0.0,0.0,0.0,0.0,0.0,0.0,0.0,0.0,0.0,False,102.96416282653809,False
2025-09-14T08:39:58.599225+00:00,SYMBOL_012,2023-01-03,2023-01-10,mean_reversion,0.0,0.0,0.0,0.0,0.0,0.0,0.0,0.0,0.0,False,104.53367233276367,False
2025-09-14T08:39:58.702478+00:00,SYMBOL_013,2023-01-03,2023-01-10,mean_reversion,0.0,0.0,0.0,0.0,0.0,0.0,0.0,0.0,0.0,False,103.04975509643555,False
2025-09-14T08:39:58.806686+00:00,SYMBOL_014,2023-01-03,2023-01-10,mean_reversion,0.0,0.0,0.0,0.0,0.0,0.0,0.0,0.0,0.0,False,104.00843620300293,False
2025-09-14T08:39:58.911010+00:00,SYMBOL_015,2023-01-03,2023-01-10,mean_reversion,0.0,0.0,0.0,0.0,0.0,0.0,0.0,0.0,0.0,False,104.12788391113281,False
2025-09-14T08:39:59.015589+00:00,SYMBOL_016,2023-01-03,2023-01-10,mean_reversion,0.0,0.0,0.0,0.0,0.0,0.0,0.0,0.0,0.0,False,104.36844825744629,False
2025-09-14T08:39:59.119302+00:00,SYMBOL_017,2023-01-03,2023-01-10,mean_reversion,0.0,0.0,0.0,0.0,0.0,0.0,0.0,0.0,0.0,False,103.5001277923584,False
2025-09-14T08:39:59.224431+00:00,SYMBOL_018,2023-01-03,2023-01-10,mean_reversion,0.0,0.0,0.0,0.0,0.0,0.0,0.0,0.0,0.0,False,104.92086410522461,False
2025-09-14T08:39:59.326295+00:00,SYMBOL_019,2023-01-03,2023-01-10,mean_reversion,0.0,0.0,0.0,0.0,0.0,0.0,0.0,0.0,0.0,False,101.67098045349121,False
2025-09-14T08:40:14.091320+00:00,AAPL,2023-01-03,2023-01-10,mean_reversion,0.0,0.0,0.0,0.0,0.0,0.0,0.0,0.0,0.0,False,105.31282424926758,False
2025-09-14T08:43:20.177839+00:00,GOOGL,2023-01-03,2023-01-10,mean_reversion,0.0,0.0,0.0,0.0,0.0,0.0,0.0,0.0,0.0,False,104.5529842376709,False
2025-09-14T08:43:20.282075+00:00,MSFT,2023-01-03,2023-01-10,mean_reversion,0.0,0.0,0.0,0.0,0.0,0.0,0.0,0.0,0.0,False,104.00986671447754,False
2025-09-14T08:43:20.386250+00:00,AAPL,2023-01-03,2023-01-10,mean_reversion,0.0,0.0,0.0,0.0,0.0,0.0,0.0,0.0,0.0,False,103.96409034729004,False
2025-09-14T08:43:50.214590+00:00,AAPL,2023-01-03,2023-01-10,mean_reversion,0.0,0.0,0.0,0.0,0.0,0.0,0.0,0.0,0.0,False,104.92515563964844,False
2025-09-14T08:43:50.318842+00:00,MSFT,2023-01-03,2023-01-10,mean_reversion,0.0,0.0,0.0,0.0,0.0,0.0,0.0,0.0,0.0,False,103.99317741394043,False
2025-09-14T08:44:42.776300+00:00,SYMBOL_000,2023-01-03,2023-01-10,mean_reversion,0.0,0.0,0.0,0.0,0.0,0.0,0.0,0.0,0.0,False,105.70526123046875,False
2025-09-14T08:44:42.879971+00:00,SYMBOL_001,2023-01-03,2023-01-10,mean_reversion,0.0,0.0,0.0,0.0,0.0,0.0,0.0,0.0,0.0,False,103.44433784484863,False
2025-09-14T08:44:42.982474+00:00,SYMBOL_002,2023-01-03,2023-01-10,mean_reversion,0.0,0.0,0.0,0.0,0.0,0.0,0.0,0.0,0.0,False,102.26559638977051,False
2025-09-14T08:44:43.085207+00:00,SYMBOL_003,2023-01-03,2023-01-10,mean_reversion,0.0,0.0,0.0,0.0,0.0,0.0,0.0,0.0,0.0,False,102.64396667480469,False
2025-09-14T08:44:43.187916+00:00,SYMBOL_004,2023-01-03,2023-01-10,mean_reversion,0.0,0.0,0.0,0.0,0.0,0.0,0.0,0.0,0.0,False,102.53620147705078,False
2025-09-14T08:44:43.292362+00:00,SYMBOL_005,2023-01-03,2023-01-10,mean_reversion,0.0,0.0,0.0,0.0,0.0,0.0,0.0,0.0,0.0,False,104.10475730895996,False
2025-09-14T08:44:43.395785+00:00,SYMBOL_006,2023-01-03,2023-01-10,mean_reversion,0.0,0.0,0.0,0.0,0.0,0.0,0.0,0.0,0.0,False,103.22976112365723,False
2025-09-14T08:44:43.500992+00:00,SYMBOL_007,2023-01-03,2023-01-10,mean_reversion,0.0,0.0,0.0,0.0,0.0,0.0,0.0,0.0,0.0,False,104.89320755004883,False
2025-09-14T08:44:43.604504+00:00,SYMBOL_008,2023-01-03,2023-01-10,mean_reversion,0.0,0.0,0.0,0.0,0.0,0.0,0.0,0.0,0.0,False,103.31106185913086,False
2025-09-14T08:44:43.708517+00:00,SYMBOL_009,2023-01-03,2023-01-10,mean_reversion,0.0,0.0,0.0,0.0,0.0,0.0,0.0,0.0,0.0,False,103.77883911132812,False
2025-09-14T08:44:43.811166+00:00,SYMBOL_010,2023-01-03,2023-01-10,mean_reversion,0.0,0.0,0.0,0.0,0.0,0.0,0.0,0.0,0.0,False,102.45585441589355,False
2025-09-14T08:44:43.913972+00:00,SYMBOL_011,2023-01-03,2023-01-10,mean_reversion,0.0,0.0,0.0,0.0,0.0,0.0,0.0,0.0,0.0,False,102.72574424743652,False
2025-09-14T08:44:44.018473+00:00,SYMBOL_012,2023-01-03,2023-01-10,mean_reversion,0.0,0.0,0.0,0.0,0.0,0.0,0.0,0.0,0.0,False,104.28905487060547,False
2025-09-14T08:44:44.120826+00:00,SYMBOL_013,2023-01-03,2023-01-10,mean_reversion,0.0,0.0,0.0,0.0,0.0,0.0,0.0,0.0,0.0,False,102.16617584228516,False
2025-09-14T08:44:44.225592+00:00,SYMBOL_014,2023-01-03,2023-01-10,mean_reversion,0.0,0.0,0.0,0.0,0.0,0.0,0.0,0.0,0.0,False,104.38227653503418,False
2025-09-14T08:44:44.329509+00:00,SYMBOL_015,2023-01-03,2023-01-10,mean_reversion,0.0,0.0,0.0,0.0,0.0,0.0,0.0,0.0,0.0,False,103.7285327911377,False
2025-09-14T08:44:44.433934+00:00,SYMBOL_016,2023-01-03,2023-01-10,mean_reversion,0.0,0.0,0.0,0.0,0.0,0.0,0.0,0.0,0.0,False,104.11715507507324,False
2025-09-14T08:44:44.537066+00:00,SYMBOL_017,2023-01-03,2023-01-10,mean_reversion,0.0,0.0,0.0,0.0,0.0,0.0,0.0,0.0,0.0,False,102.98275947570801,False
2025-09-14T08:44:44.640452+00:00,SYMBOL_018,2023-01-03,2023-01-10,mean_reversion,0.0,0.0,0.0,0.0,0.0,0.0,0.0,0.0,0.0,False,103.20305824279785,False
2025-09-14T08:44:44.742218+00:00,SYMBOL_019,2023-01-03,2023-01-10,mean_reversion,0.0,0.0,0.0,0.0,0.0,0.0,0.0,0.0,0.0,False,101.65548324584961,False
2025-09-14T08:44:59.146914+00:00,AAPL,2023-01-03,2023-01-10,mean_reversion,0.0,0.0,0.0,0.0,0.0,0.0,0.0,0.0,0.0,False,104.00652885437012,False
2025-09-14T23:34:04.295780+00:00,GOOGL,2023-01-03,2023-01-10,mean_reversion,0.0,0.0,0.0,0.0,0.0,0.0,0.0,0.0,0.0,False,103.8057804107666,False
2025-09-14T23:34:04.398192+00:00,MSFT,2023-01-03,2023-01-10,mean_reversion,0.0,0.0,0.0,0.0,0.0,0.0,0.0,0.0,0.0,False,102.22196578979492,False
2025-09-14T23:34:04.500521+00:00,AAPL,2023-01-03,2023-01-10,mean_reversion,0.0,0.0,0.0,0.0,0.0,0.0,0.0,0.0,0.0,False,102.16546058654785,False
2025-09-14T23:34:33.225436+00:00,AAPL,2023-01-03,2023-01-10,mean_reversion,0.0,0.0,0.0,0.0,0.0,0.0,0.0,0.0,0.0,False,103.20758819580078,False
2025-09-14T23:34:33.329069+00:00,MSFT,2023-01-03,2023-01-10,mean_reversion,0.0,0.0,0.0,0.0,0.0,0.0,0.0,0.0,0.0,False,103.4541130065918,False
2025-09-14T23:35:26.053758+00:00,SYMBOL_000,2023-01-03,2023-01-10,mean_reversion,0.0,0.0,0.0,0.0,0.0,0.0,0.0,0.0,0.0,False,103.53875160217285,False
2025-09-14T23:35:26.157151+00:00,SYMBOL_001,2023-01-03,2023-01-10,mean_reversion,0.0,0.0,0.0,0.0,0.0,0.0,0.0,0.0,0.0,False,103.13177108764648,False
2025-09-14T23:35:26.259539+00:00,SYMBOL_002,2023-01-03,2023-01-10,mean_reversion,0.0,0.0,0.0,0.0,0.0,0.0,0.0,0.0,0.0,False,102.23865509033203,False
2025-09-14T23:35:26.362160+00:00,SYMBOL_003,2023-01-03,2023-01-10,mean_reversion,0.0,0.0,0.0,0.0,0.0,0.0,0.0,0.0,0.0,False,102.4324893951416,False
2025-09-14T23:35:26.464307+00:00,SYMBOL_004,2023-01-03,2023-01-10,mean_reversion,0.0,0.0,0.0,0.0,0.0,0.0,0.0,0.0,0.0,False,102.02765464782715,False
2025-09-14T23:35:26.566788+00:00,SYMBOL_005,2023-01-03,2023-01-10,mean_reversion,0.0,0.0,0.0,0.0,0.0,0.0,0.0,0.0,0.0,False,102.36477851867676,False
2025-09-14T23:35:26.670001+00:00,SYMBOL_006,2023-01-03,2023-01-10,mean_reversion,0.0,0.0,0.0,0.0,0.0,0.0,0.0,0.0,0.0,False,103.07884216308594,False
2025-09-14T23:35:26.772762+00:00,SYMBOL_007,2023-01-03,2023-01-10,mean_reversion,0.0,0.0,0.0,0.0,0.0,0.0,0.0,0.0,0.0,False,102.59842872619629,False
2025-09-14T23:35:26.873889+00:00,SYMBOL_008,2023-01-03,2023-01-10,mean_reversion,0.0,0.0,0.0,0.0,0.0,0.0,0.0,0.0,0.0,False,101.06277465820312,False
2025-09-14T23:35:26.975109+00:00,SYMBOL_009,2023-01-03,2023-01-10,mean_reversion,0.0,0.0,0.0,0.0,0.0,0.0,0.0,0.0,0.0,False,101.13692283630371,False
2025-09-14T23:35:27.077094+00:00,SYMBOL_010,2023-01-03,2023-01-10,mean_reversion,0.0,0.0,0.0,0.0,0.0,0.0,0.0,0.0,0.0,False,101.9139289855957,False
2025-09-14T23:35:27.178744+00:00,SYMBOL_011,2023-01-03,2023-01-10,mean_reversion,0.0,0.0,0.0,0.0,0.0,0.0,0.0,0.0,0.0,False,101.50384902954102,False
2025-09-14T23:35:27.280396+00:00,SYMBOL_012,2023-01-03,2023-01-10,mean_reversion,0.0,0.0,0.0,0.0,0.0,0.0,0.0,0.0,0.0,False,101.57561302185059,False
2025-09-14T23:35:27.382367+00:00,SYMBOL_013,2023-01-03,2023-01-10,mean_reversion,0.0,0.0,0.0,0.0,0.0,0.0,0.0,0.0,0.0,False,101.88055038452148,False
2025-09-14T23:35:27.484422+00:00,SYMBOL_014,2023-01-03,2023-01-10,mean_reversion,0.0,0.0,0.0,0.0,0.0,0.0,0.0,0.0,0.0,False,101.92990303039551,False
2025-09-14T23:35:27.586819+00:00,SYMBOL_015,2023-01-03,2023-01-10,mean_reversion,0.0,0.0,0.0,0.0,0.0,0.0,0.0,0.0,0.0,False,102.13041305541992,False
2025-09-14T23:35:27.689667+00:00,SYMBOL_016,2023-01-03,2023-01-10,mean_reversion,0.0,0.0,0.0,0.0,0.0,0.0,0.0,0.0,0.0,False,102.6608943939209,False
2025-09-14T23:35:27.791705+00:00,SYMBOL_017,2023-01-03,2023-01-10,mean_reversion,0.0,0.0,0.0,0.0,0.0,0.0,0.0,0.0,0.0,False,101.82070732116699,False
2025-09-14T23:35:27.894813+00:00,SYMBOL_018,2023-01-03,2023-01-10,mean_reversion,0.0,0.0,0.0,0.0,0.0,0.0,0.0,0.0,0.0,False,102.92911529541016,False
2025-09-14T23:35:27.997553+00:00,SYMBOL_019,2023-01-03,2023-01-10,mean_reversion,0.0,0.0,0.0,0.0,0.0,0.0,0.0,0.0,0.0,False,102.57768630981445,False
2025-09-14T23:35:41.980214+00:00,AAPL,2023-01-03,2023-01-10,mean_reversion,0.0,0.0,0.0,0.0,0.0,0.0,0.0,0.0,0.0,False,103.11627388000488,False
2025-09-14T23:37:00.622837+00:00,GOOGL,2023-01-03,2023-01-10,mean_reversion,0.0,0.0,0.0,0.0,0.0,0.0,0.006042080000000003,0.3400177777777778,0.06666666666666667,False,103.83415222167969,False
2025-09-14T23:37:00.726132+00:00,MSFT,2023-01-03,2023-01-10,mean_reversion,0.0,0.0,0.0,0.0,0.0,0.0,0.002224180413793104,0.4748870057471264,0.041379310344827586,False,103.1336784362793,False
2025-09-14T23:37:00.828652+00:00,AAPL,2023-01-03,2023-01-10,mean_reversion,0.0,0.0,0.0,0.0,0.0,0.0,0.001285514618181818,0.4766694484848485,0.025454545454545452,False,102.41079330444336,False
2025-09-14T23:46:24.414943+00:00,GOOGL,2023-01-03,2023-01-10,mean_reversion,0.0,0.0,0.0,0.0,0.0,0.0,0.0,0.0,0.0,False,104.48908805847168,False
2025-09-14T23:46:24.518132+00:00,MSFT,2023-01-03,2023-01-10,mean_reversion,0.0,0.0,0.0,0.0,0.0,0.0,0.0,0.0,0.0,False,103.02305221557617,False
2025-09-14T23:46:24.620802+00:00,AAPL,2023-01-03,2023-01-10,mean_reversion,0.0,0.0,0.0,0.0,0.0,0.0,0.0,0.0,0.0,False,102.36883163452148,False
2025-09-14T23:46:53.252610+00:00,AAPL,2023-01-03,2023-01-10,mean_reversion,0.0,0.0,0.0,0.0,0.0,0.0,0.0,0.0,0.0,False,104.10690307617188,False
2025-09-14T23:46:53.355626+00:00,MSFT,2023-01-03,2023-01-10,mean_reversion,0.0,0.0,0.0,0.0,0.0,0.0,0.0,0.0,0.0,False,102.78749465942383,False
2025-09-14T23:47:44.724732+00:00,SYMBOL_000,2023-01-03,2023-01-10,mean_reversion,0.0,0.0,0.0,0.0,0.0,0.0,0.0,0.0,0.0,False,104.04491424560547,False
2025-09-14T23:47:44.827573+00:00,SYMBOL_001,2023-01-03,2023-01-10,mean_reversion,0.0,0.0,0.0,0.0,0.0,0.0,0.0,0.0,0.0,False,102.64897346496582,False
2025-09-14T23:47:44.929885+00:00,SYMBOL_002,2023-01-03,2023-01-10,mean_reversion,0.0,0.0,0.0,0.0,0.0,0.0,0.0,0.0,0.0,False,102.12111473083496,False
2025-09-14T23:47:45.031308+00:00,SYMBOL_003,2023-01-03,2023-01-10,mean_reversion,0.0,0.0,0.0,0.0,0.0,0.0,0.0,0.0,0.0,False,101.36222839355469,False
2025-09-14T23:47:45.132903+00:00,SYMBOL_004,2023-01-03,2023-01-10,mean_reversion,0.0,0.0,0.0,0.0,0.0,0.0,0.0,0.0,0.0,False,101.52864456176758,False
2025-09-14T23:47:45.235292+00:00,SYMBOL_005,2023-01-03,2023-01-10,mean_reversion,0.0,0.0,0.0,0.0,0.0,0.0,0.0,0.0,0.0,False,102.29158401489258,False
2025-09-14T23:47:45.337386+00:00,SYMBOL_006,2023-01-03,2023-01-10,mean_reversion,0.0,0.0,0.0,0.0,0.0,0.0,0.0,0.0,0.0,False,101.88817977905273,False
2025-09-14T23:47:45.438636+00:00,SYMBOL_007,2023-01-03,2023-01-10,mean_reversion,0.0,0.0,0.0,0.0,0.0,0.0,0.0,0.0,0.0,False,101.19128227233887,False
2025-09-14T23:47:45.540580+00:00,SYMBOL_008,2023-01-03,2023-01-10,mean_reversion,0.0,0.0,0.0,0.0,0.0,0.0,0.0,0.0,0.0,False,101.87816619873047,False
2025-09-14T23:47:45.642222+00:00,SYMBOL_009,2023-01-03,2023-01-10,mean_reversion,0.0,0.0,0.0,0.0,0.0,0.0,0.0,0.0,0.0,False,101.52292251586914,False
2025-09-14T23:47:45.745000+00:00,SYMBOL_010,2023-01-03,2023-01-10,mean_reversion,0.0,0.0,0.0,0.0,0.0,0.0,0.0,0.0,0.0,False,102.71096229553223,False
2025-09-14T23:47:45.847797+00:00,SYMBOL_011,2023-01-03,2023-01-10,mean_reversion,0.0,0.0,0.0,0.0,0.0,0.0,0.0,0.0,0.0,False,102.61917114257812,False
2025-09-14T23:47:45.951020+00:00,SYMBOL_012,2023-01-03,2023-01-10,mean_reversion,0.0,0.0,0.0,0.0,0.0,0.0,0.0,0.0,0.0,False,103.05309295654297,False
2025-09-14T23:47:46.053792+00:00,SYMBOL_013,2023-01-03,2023-01-10,mean_reversion,0.0,0.0,0.0,0.0,0.0,0.0,0.0,0.0,0.0,False,102.59270668029785,False
2025-09-14T23:47:46.155869+00:00,SYMBOL_014,2023-01-03,2023-01-10,mean_reversion,0.0,0.0,0.0,0.0,0.0,0.0,0.0,0.0,0.0,False,102.01358795166016,False
2025-09-14T23:47:46.258399+00:00,SYMBOL_015,2023-01-03,2023-01-10,mean_reversion,0.0,0.0,0.0,0.0,0.0,0.0,0.0,0.0,0.0,False,102.37455368041992,False
2025-09-14T23:47:46.361125+00:00,SYMBOL_016,2023-01-03,2023-01-10,mean_reversion,0.0,0.0,0.0,0.0,0.0,0.0,0.0,0.0,0.0,False,102.56385803222656,False
2025-09-14T23:47:46.464690+00:00,SYMBOL_017,2023-01-03,2023-01-10,mean_reversion,0.0,0.0,0.0,0.0,0.0,0.0,0.0,0.0,0.0,False,103.36899757385254,False
2025-09-14T23:47:46.566532+00:00,SYMBOL_018,2023-01-03,2023-01-10,mean_reversion,0.0,0.0,0.0,0.0,0.0,0.0,0.0,0.0,0.0,False,101.66406631469727,False
2025-09-14T23:47:46.668544+00:00,SYMBOL_019,2023-01-03,2023-01-10,mean_reversion,0.0,0.0,0.0,0.0,0.0,0.0,0.0,0.0,0.0,False,101.9296646118164,False
2025-09-14T23:48:00.489056+00:00,AAPL,2023-01-03,2023-01-10,mean_reversion,0.0,0.0,0.0,0.0,0.0,0.0,0.0,0.0,0.0,False,104.2635440826416,False
2025-09-14T23:49:12.050924+00:00,GOOGL,2023-01-03,2023-01-10,mean_reversion,0.0,0.0,0.0,0.0,0.0,0.0,0.006042080000000003,0.3400177777777778,0.06666666666666667,False,102.48160362243652,False
2025-09-14T23:49:12.152919+00:00,MSFT,2023-01-03,2023-01-10,mean_reversion,0.0,0.0,0.0,0.0,0.0,0.0,0.002224180413793104,0.4748870057471264,0.041379310344827586,False,101.89294815063477,False
2025-09-14T23:49:12.254870+00:00,AAPL,2023-01-03,2023-01-10,mean_reversion,0.0,0.0,0.0,0.0,0.0,0.0,0.001285514618181818,0.4766694484848485,0.025454545454545452,False,101.8517017364502,False
2025-09-15T22:05:19.370099+00:00,GOOGL,2023-01-03,2023-01-10,mean_reversion,0.0,0.0,0.0,0.0,0.0,0.0,0.0,0.0,0.0,False,104.62331771850586,False
2025-09-15T22:05:19.472357+00:00,MSFT,2023-01-03,2023-01-10,mean_reversion,0.0,0.0,0.0,0.0,0.0,0.0,0.0,0.0,0.0,False,102.0972728729248,False
2025-09-15T22:05:19.574719+00:00,AAPL,2023-01-03,2023-01-10,mean_reversion,0.0,0.0,0.0,0.0,0.0,0.0,0.0,0.0,0.0,False,102.28943824768066,False
2025-09-15T22:05:48.449455+00:00,AAPL,2023-01-03,2023-01-10,mean_reversion,0.0,0.0,0.0,0.0,0.0,0.0,0.0,0.0,0.0,False,104.19201850891113,False
2025-09-15T22:05:48.553338+00:00,MSFT,2023-01-03,2023-01-10,mean_reversion,0.0,0.0,0.0,0.0,0.0,0.0,0.0,0.0,0.0,False,103.69062423706055,False
2025-09-15T22:06:40.942437+00:00,SYMBOL_000,2023-01-03,2023-01-10,mean_reversion,0.0,0.0,0.0,0.0,0.0,0.0,0.0,0.0,0.0,False,104.11310195922852,False
2025-09-15T22:06:41.046463+00:00,SYMBOL_001,2023-01-03,2023-01-10,mean_reversion,0.0,0.0,0.0,0.0,0.0,0.0,0.0,0.0,0.0,False,103.790283203125,False
2025-09-15T22:06:41.149091+00:00,SYMBOL_002,2023-01-03,2023-01-10,mean_reversion,0.0,0.0,0.0,0.0,0.0,0.0,0.0,0.0,0.0,False,102.45704650878906,False
2025-09-15T22:06:41.252746+00:00,SYMBOL_003,2023-01-03,2023-01-10,mean_reversion,0.0,0.0,0.0,0.0,0.0,0.0,0.0,0.0,0.0,False,103.47437858581543,False
2025-09-15T22:06:41.355262+00:00,SYMBOL_004,2023-01-03,2023-01-10,mean_reversion,0.0,0.0,0.0,0.0,0.0,0.0,0.0,0.0,0.0,False,102.32830047607422,False
2025-09-15T22:06:41.457837+00:00,SYMBOL_005,2023-01-03,2023-01-10,mean_reversion,0.0,0.0,0.0,0.0,0.0,0.0,0.0,0.0,0.0,False,102.40745544433594,False
2025-09-15T22:06:41.561496+00:00,SYMBOL_006,2023-01-03,2023-01-10,mean_reversion,0.0,0.0,0.0,0.0,0.0,0.0,0.0,0.0,0.0,False,103.48773002624512,False
2025-09-15T22:06:41.663642+00:00,SYMBOL_007,2023-01-03,2023-01-10,mean_reversion,0.0,0.0,0.0,0.0,0.0,0.0,0.0,0.0,0.0,False,101.96781158447266,False
2025-09-15T22:06:41.765846+00:00,SYMBOL_008,2023-01-03,2023-01-10,mean_reversion,0.0,0.0,0.0,0.0,0.0,0.0,0.0,0.0,0.0,False,102.13065147399902,False
2025-09-15T22:06:41.870127+00:00,SYMBOL_009,2023-01-03,2023-01-10,mean_reversion,0.0,0.0,0.0,0.0,0.0,0.0,0.0,0.0,0.0,False,104.11953926086426,False
2025-09-15T22:06:41.972830+00:00,SYMBOL_010,2023-01-03,2023-01-10,mean_reversion,0.0,0.0,0.0,0.0,0.0,0.0,0.0,0.0,0.0,False,102.53381729125977,False
2025-09-15T22:06:42.075452+00:00,SYMBOL_011,2023-01-03,2023-01-10,mean_reversion,0.0,0.0,0.0,0.0,0.0,0.0,0.0,0.0,0.0,False,102.45132446289062,False
2025-09-15T22:06:42.178852+00:00,SYMBOL_012,2023-01-03,2023-01-10,mean_reversion,0.0,0.0,0.0,0.0,0.0,0.0,0.0,0.0,0.0,False,103.179931640625,False
2025-09-15T22:06:42.281680+00:00,SYMBOL_013,2023-01-03,2023-01-10,mean_reversion,0.0,0.0,0.0,0.0,0.0,0.0,0.0,0.0,0.0,False,102.65111923217773,False
2025-09-15T22:06:42.384691+00:00,SYMBOL_014,2023-01-03,2023-01-10,mean_reversion,0.0,0.0,0.0,0.0,0.0,0.0,0.0,0.0,0.0,False,102.85544395446777,False
2025-09-15T22:06:42.488023+00:00,SYMBOL_015,2023-01-03,2023-01-10,mean_reversion,0.0,0.0,0.0,0.0,0.0,0.0,0.0,0.0,0.0,False,103.13725471496582,False
2025-09-15T22:06:42.590744+00:00,SYMBOL_016,2023-01-03,2023-01-10,mean_reversion,0.0,0.0,0.0,0.0,0.0,0.0,0.0,0.0,0.0,False,102.53500938415527,False
2025-09-15T22:06:42.694143+00:00,SYMBOL_017,2023-01-03,2023-01-10,mean_reversion,0.0,0.0,0.0,0.0,0.0,0.0,0.0,0.0,0.0,False,103.22141647338867,False
2025-09-15T22:06:42.796656+00:00,SYMBOL_018,2023-01-03,2023-01-10,mean_reversion,0.0,0.0,0.0,0.0,0.0,0.0,0.0,0.0,0.0,False,102.33473777770996,False
2025-09-15T22:06:42.898513+00:00,SYMBOL_019,2023-01-03,2023-01-10,mean_reversion,0.0,0.0,0.0,0.0,0.0,0.0,0.0,0.0,0.0,False,101.78160667419434,False
2025-09-15T22:06:57.195575+00:00,AAPL,2023-01-03,2023-01-10,mean_reversion,0.0,0.0,0.0,0.0,0.0,0.0,0.0,0.0,0.0,False,104.5219898223877,False
